x,y,z,Site,Atom,Bonded Atoms,Bond Ends
2.2641584000000003,5.833864285465796e-16,9.5274234,O1,O,5;7;,
1.312410400000001,5.8378648,7.4562444,O2,O,67;235;,
3.5780000000000003,4.447777074909365e-16,7.2637712,O3,O,5;26;,
2.0189218519749879e-16,2.0189218519749879e-16,3.2971496,O4,O,6;,
4.2980510224575296e-16,1.789,5.23025,O5,O,6;72;,
2.1052952000000005,4.852586278731759e-16,7.9248748,T1,Si,0;2;110,2.26415840e+00;5.83386429e-16;9.52742340e+00;N 3.57800000e+00;4.44777707e-16;7.26377120e+00;N 1.31241040e+00;1.31813520e+00;7.45624440e+00
3.1895672381905393e-16,1.5728888,3.6360698,T2,Si,3;4;104,2.01892185e-16;2.01892185e-16;3.29714960e+00;N 4.29805102e-16;1.78900000e+00;5.23025000e+00;N 1.31241040e+00;2.25986480e+00;3.00425560e+00
3.5780000000000003,6.405208921240444e-16,10.4605,T3,Si,0;23;96,2.26415840e+00;5.83386429e-16;9.52742340e+00;N 4.89184160e+00;5.83386429e-16;9.52742340e+00;N 3.57800000e+00;1.31384160e+00;1.13935766e+01
5.8421584000000015,3.5780000000000016,30.4484234,O1,O,13;15;,
4.890410400000001,2.259864800000001,28.3772444,O2,O,13;61;,
7.1560000000000015,3.5780000000000016,28.1847712,O3,O,13;136;,
3.578000000000001,3.578000000000001,24.2181496,O4,O,14;21;,
3.578000000000002,5.367000000000002,26.15125,O5,O,14;77;,
5.683295200000002,3.5780000000000016,28.8458748,T1,Si,8;9;10;109, 5.8421584; 3.578    ;30.4484234;N  4.8904104; 2.2598648;28.3772444;N  7.156    ; 3.578    ;28.1847712;N  4.8904104; 4.8961352;28.3772444
3.5780000000000016,5.1508888000000015,24.5570698,T2,Si,11;12;57;103, 3.578    ; 3.578    ;24.2181496;N  3.578    ; 5.367    ;26.15125  ;N  2.2655896; 5.8378648;23.9252556;N  4.8904104; 5.8378648;23.9252556
7.1560000000000015,3.5780000000000016,31.3815,T3,Si,8;133;199;205, 5.8421584; 3.578    ;30.4484234;N  8.4698416; 3.578    ;30.4484234;N  7.156    ; 2.2641584;32.3145766;N  7.156    ; 4.8918416;32.3145766
1.313841600000002,3.5780000000000016,30.4484234,O1,O,20;22;,
2.265589600000002,4.896135200000002,28.3772444,O2,O,20;77;,
1.9449088041064865e-15,3.5780000000000016,28.1847712,O3,O,20;,
3.5780000000000016,1.7890000000000017,26.15125,O5,O,21;61;,
1.4727048000000018,3.5780000000000016,28.8458748,T1,Si,16;17;18;112,1.31384160e+00;3.57800000e+00;3.04484234e+01;N 2.26558960e+00;4.89613520e+00;2.83772444e+01;N 1.94490880e-15;3.57800000e+00;2.81847712e+01;N 2.26558960e+00;2.25986480e+00;2.83772444e+01
3.578000000000001,2.0051112000000013,24.5570698,T2,Si,11;19;74;102, 3.578    ; 3.578    ;24.2181496;N  3.578    ; 1.789    ;26.15125  ;N  4.8904104; 1.3181352;23.9252556;N  2.2655896; 1.3181352;23.9252556
2.1406519887395946e-15,3.5780000000000016,31.3815,T3,Si,16;86;92,1.31384160e+00;3.57800000e+00;3.04484234e+01;N 2.11733686e-15;2.26415840e+00;3.23145766e+01;N 2.27823605e-15;4.89184160e+00;3.23145766e+01
4.8918416,5.833864285465796e-16,9.5274234,O1,O,7;26;,
5.8435896000000005,1.3181352000000006,7.4562444,O2,O,26;185;,
6.488944146132145e-16,5.367,5.23025,O5,O,27;67;,
5.050704800000001,4.852586278731759e-16,7.9248748,T1,Si,2;23;24,3.57800000e+00;4.44777707e-16;7.26377120e+00;N 4.89184160e+00;5.83386429e-16;9.52742340e+00;N 5.84358960e+00;1.31813520e+00;7.45624440e+00
5.645120251205047e-16,5.583111199999999,3.6360698,T2,Si,25;70;233,6.48894415e-16;5.36700000e+00;5.23025000e+00;N 1.31241040e+00;4.89613520e+00;3.00425560e+00;N 6.40070810e-16;7.15600000e+00;3.29714960e+00
1.5816363499042152e-15,5.842158400000001,19.9879234,O1,O,33;35;,
1.3181352000000015,4.8904104,17.9167444,O2,O,33;100;,
1.5234772243499038e-15,7.156000000000001,17.724271199999997,O3,O,33;281;,
1.0615023896890046e-15,3.5780000000000007,13.7576496,O4,O,54;,
5.367000000000001,3.5780000000000007,15.69075,O5,O,34;84;,
1.4737809837616965e-15,5.683295200000001,18.3853748,T1,Si,28;29;30,1.58163635e-15;5.84215840e+00;1.99879234e+01;N 1.31813520e+00;4.89041040e+00;1.79167444e+01;N 1.52347722e-15;7.15600000e+00;1.77242712e+01
5.5831112,3.5780000000000007,14.0965698,T2,Si,32;97;107;146, 5.367    ; 3.578    ;15.69075  ;N  4.8961352; 2.2655896;13.4647556;N  4.8961352; 4.8904104;13.4647556;N  7.156    ; 3.578    ;13.7576496
1.7192204089830118e-15,7.156000000000001,20.921,T3,Si,28;278;283,1.58163635e-15;5.84215840e+00;1.99879234e+01;N 1.74253554e-15;8.46984160e+00;1.99879234e+01;N 1.31384160e+00;7.15600000e+00;2.18540766e+01
3.5780000000000025,2.2641584000000026,40.9089234,O1,O,41;43;,
4.8961352000000025,1.3124104000000023,38.8377444,O2,O,41;95;,
3.578000000000002,3.578000000000002,38.6452712,O3,O,41;47;,
3.578000000000002,2.1234548615696318e-15,34.6786496,O4,O,42;48;,
1.789000000000002,2.2418231224341558e-15,36.61175,O5,O,42;91;,
3.578000000000002,2.1052952000000023,39.3063748,T1,Si,36;37;38;116, 3.578    ; 2.2641584;40.9089234;N  4.8961352; 1.3124104;38.8377444;N  3.578    ; 3.578    ;38.6452712;N  2.2598648; 1.3124104;38.8377444
2.005111200000002,2.144207738474451e-15,35.0175698,T2,Si,39;40;108,3.57800000e+00;2.12345486e-15;3.46786496e+01;N 1.78900000e+00;2.24182312e-15;3.66117500e+01;N 1.31813520e+00;1.31241040e+00;3.43857556e+01
3.5780000000000025,3.5780000000000025,41.842,T3,Si,36;44;514;520, 3.578    ; 2.2641584;40.9089234;N  3.578    ; 4.8918416;40.9089234;N  4.8918416; 3.578    ;42.7750766;N  2.2641584; 3.578    ;42.7750766
3.578000000000003,4.891841600000002,40.9089234,O1,O,43;47;,
2.2598648000000017,5.843589600000002,38.8377444,O2,O,47;317;,
5.367000000000003,2.2418231224341558e-15,36.61175,O5,O,48;95;,
3.5780000000000025,5.050704800000003,39.3063748,T1,Si,38;44;45;113, 3.578    ; 3.578    ;38.6452712;N  3.578    ; 4.8918416;40.9089234;N  2.2598648; 5.8435896;38.8377444;N  4.8961352; 5.8435896;38.8377444
5.1508888000000015,2.144207738474451e-15,35.0175698,T2,Si,39;46;87,3.57800000e+00;2.12345486e-15;3.46786496e+01;N 5.36700000e+00;2.24182312e-15;3.66117500e+01;N 5.83786480e+00;1.31241040e+00;3.43857556e+01
1.304356916171956e-15,1.3138416000000013,19.9879234,O1,O,53;55;,
5.8378648,2.2655896000000006,17.9167444,O2,O,84;168;,
1.0852985996149808e-15,1.0852985996149808e-15,17.724271199999997,O3,O,53;,
1.789000000000001,3.5780000000000007,15.69075,O5,O,54;100;,
1.2159566809676676e-15,1.472704800000001,18.3853748,T1,Si,49;51;114,1.30435692e-15;1.31384160e+00;1.99879234e+01;N 1.08529860e-15;1.08529860e-15;1.77242712e+01;N 1.31813520e+00;2.26558960e+00;1.79167444e+01
1.572888800000001,3.5780000000000007,14.0965698,T2,Si,31;52;80;106,1.06150239e-15;3.57800000e+00;1.37576496e+01;N 1.78900000e+00;3.57800000e+00;1.56907500e+01;N 2.25986480e+00;4.89041040e+00;1.34647556e+01;N 2.25986480e+00;2.26558960e+00;1.34647556e+01
1.2810417842480888e-15,1.2810417842480888e-15,20.921,T3,Si,49;56,1.30435692e-15;1.31384160e+00;1.99879234e+01;N 1.31384160e+00;1.33817625e-15;2.18540766e+01
1.3138416000000013,1.3381762478255537e-15,21.8540766,O1,O,55;60;,
2.265589600000001,5.837864800000001,23.9252556,O2,O,14;287;,
1.4767849688811968e-15,1.4767849688811968e-15,24.1177288,O3,O,60;,
3.5780000000000016,1.7196704911746345e-15,28.0843504,O4,O,61;,
1.4727048000000011,1.4363040484989572e-15,23.4566252,T1,Si,56;58;102,1.31384160e+00;1.33817625e-15;2.18540766e+01;N 1.47678497e-15;1.47678497e-15;2.41177288e+01;N 2.26558960e+00;1.31813520e+00;2.39252556e+01
3.5780000000000016,1.5728888000000016,27.7454302,T2,Si,9;19;59;112,4.89041040e+00;2.25986480e+00;2.83772444e+01;N 3.57800000e+00;1.78900000e+00;2.61512500e+01;N 3.57800000e+00;1.71967049e-15;2.80843504e+01;N 2.26558960e+00;2.25986480e+00;2.83772444e+01
4.891841599999999,3.578,0.9330765999999994,O1,O,66;68;,
5.8435896,2.259864799999999,3.0042556,O2,O,66;123;,
3.578,3.578,3.1967288,O3,O,66;71;,
6.577180192940072e-16,3.5780000000000003,7.163350400000001,O4,O,67;72;,
5.0507048,3.578,2.5356251999999992,T1,Si,62;63;64;101,4.8918416;3.578    ;0.9330766;N 5.8435896;2.2598648;3.0042556;N 3.578    ;3.578    ;3.1967288;N 5.8435896;4.8961352;3.0042556
7.332768041059241e-16,5.1508888,6.824430199999999,T2,Si,1;25;65,1.31241040e+00;5.83786480e+00;7.45624440e+00;N 6.48894415e-16;5.36700000e+00;5.23025000e+00;N 6.57718019e-16;3.57800000e+00;7.16335040e+00
3.578,3.578,0.0,T3,Si,62;69,4.8918416;3.578    ;0.9330766;N 2.2641584;3.578    ;0.9330766
2.2641584,3.578,0.9330765999999994,O1,O,68;71;,
1.3124104000000003,4.8961352,3.0042556,O2,O,27;71;,
2.1052952,3.578,2.5356251999999992,T1,Si,64;69;70;104,3.578    ;3.578    ;3.1967288;N 2.2641584;3.578    ;0.9330766;N 1.3124104;4.8961352;3.0042556;N 1.3124104;2.2598648;3.0042556
5.406534806724519e-16,2.0051112000000004,6.824430199999999,T2,Si,4;65;110,4.29805102e-16;1.78900000e+00;5.23025000e+00;N 6.57718019e-16;3.57800000e+00;7.16335040e+00;N 1.31241040e+00;1.31813520e+00;7.45624440e+00
5.8421584000000015,1.3381762478255537e-15,21.8540766,O1,O,76;78;,
4.890410400000001,1.3181352000000015,23.9252556,O2,O,21;76;,
7.1560000000000015,1.4767849688811968e-15,24.1177288,O3,O,76;173;,
5.683295200000002,1.4363040484989572e-15,23.4566252,T1,Si,73;74;75,5.84215840e+00;1.33817625e-15;2.18540766e+01;N 4.89041040e+00;1.31813520e+00;2.39252556e+01;N 7.15600000e+00;1.47678497e-15;2.41177288e+01
3.578000000000002,5.583111200000001,27.7454302,T2,Si,12;17;109;286, 3.578    ; 5.367    ;26.15125  ;N  2.2655896; 4.8961352;28.3772444;N  4.8904104; 4.8961352;28.3772444;N  3.578    ; 7.156    ;28.0843504
7.156000000000001,1.2810417842480888e-15,20.921,T3,Si,73;164;170,5.84215840e+00;1.33817625e-15;2.18540766e+01;N 7.15600000e+00;1.31384160e+00;1.99879234e+01;N 8.46984160e+00;1.33817625e-15;2.18540766e+01
3.578000000000001,5.842158400000001,11.3935766,O1,O,83;85;,
2.2598648000000003,4.8904104,13.464755599999998,O2,O,54;83;,
3.578000000000001,7.156000000000001,13.6572288,O3,O,83;324;,
3.5780000000000007,3.5780000000000007,17.623850400000002,O4,O,84;100;,
3.578000000000001,5.683295200000001,12.9961252,T1,Si,79;80;81;107, 3.578    ; 5.8421584;11.3935766;N  2.2598648; 4.8904104;13.4647556;N  3.578    ; 7.156    ;13.6572288;N  4.8961352; 4.8904104;13.4647556
5.150888800000001,3.5780000000000007,17.2849302,T2,Si,32;50;82;115, 5.367    ; 3.578    ;15.69075  ;N  5.8378648; 2.2655896;17.9167444;N  3.578    ; 3.578    ;17.6238504;N  5.8378648; 4.8904104;17.9167444
3.5780000000000007,7.156000000000001,10.4605,T3,Si,79;230;252;322, 3.578    ; 5.8421584;11.3935766;N  2.2641584; 7.156    ; 9.5274234;N  4.8918416; 7.156    ; 9.5274234;N  3.578    ; 8.4698416;11.3935766
2.117336856815728e-15,2.2641584000000017,32.314576599999995,O1,O,22;90;,
5.837864800000001,1.312410400000002,34.3857556,O2,O,48;203;,
2.3363951733727026e-15,3.578000000000002,34.5782288,O3,O,90;94;,
2.360191383298679e-15,2.360191383298679e-15,38.5448504,O4,O,91;,
2.205737092020016e-15,2.1052952000000023,33.9171252,T1,Si,86;88;108,2.11733686e-15;2.26415840e+00;3.23145766e+01;N 2.33639517e-15;3.57800000e+00;3.45782288e+01;N 1.31813520e+00;1.31241040e+00;3.43857556e+01
1.5728888000000023,2.3394385063938603e-15,38.2059302,T2,Si,40;89;116,1.78900000e+00;2.24182312e-15;3.66117500e+01;N 2.36019138e-15;2.36019138e-15;3.85448504e+01;N 2.25986480e+00;1.31241040e+00;3.88377444e+01
2.2782360478183918e-15,4.891841600000001,32.314576599999995,O1,O,22;94;,
1.3181352000000026,5.843589600000001,34.3857556,O2,O,94;271;,
2.3860914139609107e-15,5.050704800000002,33.9171252,T1,Si,88;92;93,2.33639517e-15;3.57800000e+00;3.45782288e+01;N 2.27823605e-15;4.89184160e+00;3.23145766e+01;N 1.31813520e+00;5.84358960e+00;3.43857556e+01
5.583111200000002,2.3394385063938603e-15,38.2059302,T2,Si,37;46;202,4.89613520e+00;1.31241040e+00;3.88377444e+01;N 5.36700000e+00;2.24182312e-15;3.66117500e+01;N 7.15600000e+00;2.36019138e-15;3.85448504e+01
3.5780000000000007,1.3138416000000006,11.3935766,O1,O,7;99;,
4.896135200000001,2.2655896000000006,13.464755599999998,O2,O,34;99;,
3.5780000000000007,8.362640767571524e-16,13.6572288,O3,O,99;,
3.5780000000000007,1.4727048000000007,12.9961252,T1,Si,96;97;98;106,3.57800000e+00;1.31384160e+00;1.13935766e+01;N 4.89613520e+00;2.26558960e+00;1.34647556e+01;N 3.57800000e+00;8.36264077e-16;1.36572288e+01;N 2.25986480e+00;2.26558960e+00;1.34647556e+01
2.005111200000001,3.5780000000000007,17.2849302,T2,Si,29;52;82;114, 1.3181352; 4.8904104;17.9167444;N  1.789    ; 3.578    ;15.69075  ;N  3.578    ; 3.578    ;17.6238504;N  1.3181352; 2.2655896;17.9167444
5.8435896,4.8961352,3.0042556,O2,O,66;142;,
2.265589600000001,1.3181352000000015,23.9252556,O2,O,21;60;,
4.890410400000001,5.837864800000001,23.9252556,O2,O,14;303;,
1.3124104000000003,2.259864799999999,3.0042556,O2,O,6;71;,
5.837864800000001,5.843589600000001,34.3857556,O2,O,207;277;,
2.2598648,2.2655896000000006,13.464755599999998,O2,O,54;99;,
4.896135200000001,4.8904104,13.464755599999998,O2,O,34;83;,
1.3181352000000022,1.312410400000002,34.3857556,O2,O,42;90;,
4.890410400000001,4.896135200000002,28.3772444,O2,O,13;77;,
1.3124104000000003,1.3181352000000006,7.4562444,O2,O,5;72;,
5.8435896000000005,5.8378648,7.4562444,O2,O,180;255;,
2.265589600000001,2.259864800000001,28.3772444,O2,O,20;61;,
4.8961352000000025,5.843589600000002,38.8377444,O2,O,47;321;,
1.3181352000000015,2.2655896000000006,17.9167444,O2,O,53;100;,
5.8378648,4.8904104,17.9167444,O2,O,84;148;,
2.259864800000001,1.3124104000000023,38.8377444,O2,O,41;91;,
9.4201584,5.833864285465796e-16,9.5274234,O1,O,122;124;,
8.4684104,5.8378648,7.4562444,O2,O,180;347;,
10.734,4.447777074909365e-16,7.2637712,O3,O,122;141;,
7.156,2.0189218519749879e-16,3.2971496,O4,O,123;,
7.156,1.789,5.23025,O5,O,123;185;,
9.2612952,4.852586278731759e-16,7.9248748,T1,Si,117;119;223,9.42015840e+00;5.83386429e-16;9.52742340e+00;N 1.07340000e+01;4.44777707e-16;7.26377120e+00;N 8.46841040e+00;1.31813520e+00;7.45624440e+00
7.156,1.5728888,3.6360698,T2,Si,63;120;121;217,5.84358960e+00;2.25986480e+00;3.00425560e+00;N 7.15600000e+00;2.01892185e-16;3.29714960e+00;N 7.15600000e+00;1.78900000e+00;5.23025000e+00;N 8.46841040e+00;2.25986480e+00;3.00425560e+00
10.734,6.405208921240444e-16,10.4605,T3,Si,117;138;209,9.42015840e+00;5.83386429e-16;9.52742340e+00;N 1.20478416e+01;5.83386429e-16;9.52742340e+00;N 1.07340000e+01;1.31384160e+00;1.13935766e+01
12.9981584,3.5780000000000016,30.4484234,O1,O,130;132;,
12.0464104,2.259864800000001,28.3772444,O2,O,130;174;,
14.312,3.5780000000000016,28.1847712,O3,O,130;,
10.734000000000002,3.578000000000001,24.2181496,O4,O,131;137;,
10.734000000000002,5.367000000000002,26.15125,O5,O,131;190;,
12.8392952,3.5780000000000016,28.8458748,T1,Si,125;126;127;222,12.9981584; 3.578    ;30.4484234;N 12.0464104; 2.2598648;28.3772444;N 14.312    ; 3.578    ;28.1847712;N 12.0464104; 4.8961352;28.3772444
10.734000000000002,5.1508888000000015,24.5570698,T2,Si,128;129;171;216,10.734    ; 3.578    ;24.2181496;N 10.734    ; 5.367    ;26.15125  ;N  9.4215896; 5.8378648;23.9252556;N 12.0464104; 5.8378648;23.9252556
14.312,3.5780000000000016,31.3815,T3,Si,125,12.9981584; 3.578    ;30.4484234
8.4698416,3.5780000000000016,30.4484234,O1,O,15;136;,
9.4215896,4.896135200000002,28.3772444,O2,O,136;190;,
10.734000000000002,1.7890000000000017,26.15125,O5,O,137;174;,
8.628704800000001,3.5780000000000016,28.8458748,T1,Si,10;133;134;225, 7.156    ; 3.578    ;28.1847712;N  8.4698416; 3.578    ;30.4484234;N  9.4215896; 4.8961352;28.3772444;N  9.4215896; 2.2598648;28.3772444
10.734000000000002,2.0051112000000013,24.5570698,T2,Si,128;135;187;215,10.734    ; 3.578    ;24.2181496;N 10.734    ; 1.789    ;26.15125  ;N 12.0464104; 1.3181352;23.9252556;N  9.4215896; 1.3181352;23.9252556
12.0478416,5.833864285465796e-16,9.5274234,O1,O,124;141;,
12.9995896,1.3181352000000006,7.4562444,O2,O,141;,
7.156,5.367,5.23025,O5,O,142;180;,
12.2067048,4.852586278731759e-16,7.9248748,T1,Si,119;138;139,1.07340000e+01;4.44777707e-16;7.26377120e+00;N 1.20478416e+01;5.83386429e-16;9.52742340e+00;N 1.29995896e+01;1.31813520e+00;7.45624440e+00
7.156,5.583111199999999,3.6360698,T2,Si,101;140;183;345,5.8435896;4.8961352;3.0042556;N 7.156    ;5.367    ;5.23025  ;N 8.4684104;4.8961352;3.0042556;N 7.156    ;7.156    ;3.2971496
7.156000000000001,5.842158400000001,19.9879234,O1,O,148;150;,
8.474135200000003,4.8904104,17.9167444,O2,O,148;213;,
7.156000000000001,7.156000000000001,17.724271199999997,O3,O,148;391;,
7.156000000000001,3.5780000000000007,13.7576496,O4,O,34;169;,
12.523,3.5780000000000007,15.69075,O5,O,149;197;,
7.156000000000001,5.683295200000001,18.3853748,T1,Si,115;143;144;145, 5.8378648; 4.8904104;17.9167444;N  7.156    ; 5.8421584;19.9879234;N  8.4741352; 4.8904104;17.9167444;N  7.156    ; 7.156    ;17.7242712
12.7391112,3.5780000000000007,14.0965698,T2,Si,147;210;220,12.523    ; 3.578    ;15.69075  ;N 12.0521352; 2.2655896;13.4647556;N 12.0521352; 4.8904104;13.4647556
7.156000000000001,7.156000000000001,20.921,T3,Si,143;300;388;393, 7.156    ; 5.8421584;19.9879234;N  5.8421584; 7.156    ;21.8540766;N  7.156    ; 8.4698416;19.9879234;N  8.4698416; 7.156    ;21.8540766
10.734000000000002,2.2641584000000026,40.9089234,O1,O,156;158;,
12.052135200000002,1.3124104000000023,38.8377444,O2,O,156;208;,
10.734000000000002,3.578000000000002,38.6452712,O3,O,156;162;,
10.734000000000002,2.1234548615696318e-15,34.6786496,O4,O,157;163;,
8.945000000000002,2.2418231224341558e-15,36.61175,O5,O,157;204;,
10.734000000000002,2.1052952000000023,39.3063748,T1,Si,151;152;153;229,10.734    ; 2.2641584;40.9089234;N 12.0521352; 1.3124104;38.8377444;N 10.734    ; 3.578    ;38.6452712;N  9.4158648; 1.3124104;38.8377444
9.1611112,2.144207738474451e-15,35.0175698,T2,Si,154;155;221,1.07340000e+01;2.12345486e-15;3.46786496e+01;N 8.94500000e+00;2.24182312e-15;3.66117500e+01;N 8.47413520e+00;1.31241040e+00;3.43857556e+01
10.734000000000002,3.5780000000000025,41.842,T3,Si,151;159;626;632,10.734    ; 2.2641584;40.9089234;N 10.734    ; 4.8918416;40.9089234;N 12.0478416; 3.578    ;42.7750766;N  9.4201584; 3.578    ;42.7750766
10.734000000000002,4.891841600000002,40.9089234,O1,O,158;162;,
9.4158648,5.843589600000002,38.8377444,O2,O,162;427;,
12.523,2.2418231224341558e-15,36.61175,O5,O,163;208;,
10.734000000000002,5.050704800000003,39.3063748,T1,Si,153;159;160;226,10.734    ; 3.578    ;38.6452712;N 10.734    ; 4.8918416;40.9089234;N  9.4158648; 5.8435896;38.8377444;N 12.0521352; 5.8435896;38.8377444
12.3068888,2.144207738474451e-15,35.0175698,T2,Si,154;161;200,1.07340000e+01;2.12345486e-15;3.46786496e+01;N 1.25230000e+01;2.24182312e-15;3.66117500e+01;N 1.29938648e+01;1.31241040e+00;3.43857556e+01
7.156000000000001,1.3138416000000013,19.9879234,O1,O,78;168;,
12.9938648,2.2655896000000006,17.9167444,O2,O,197;,
7.156000000000001,1.0852985996149808e-15,17.724271199999997,O3,O,168;,
8.945000000000002,3.5780000000000007,15.69075,O5,O,169;213;,
7.156000000000001,1.472704800000001,18.3853748,T1,Si,50;164;166;227,5.83786480e+00;2.26558960e+00;1.79167444e+01;N 7.15600000e+00;1.31384160e+00;1.99879234e+01;N 7.15600000e+00;1.08529860e-15;1.77242712e+01;N 8.47413520e+00;2.26558960e+00;1.79167444e+01
8.7288888,3.5780000000000007,14.0965698,T2,Si,146;167;193;219, 7.156    ; 3.578    ;13.7576496;N  8.945    ; 3.578    ;15.69075  ;N  9.4158648; 4.8904104;13.4647556;N  9.4158648; 2.2655896;13.4647556
8.4698416,1.3381762478255537e-15,21.8540766,O1,O,78;173;,
9.4215896,5.837864800000001,23.9252556,O2,O,131;396;,
10.734000000000002,1.7196704911746345e-15,28.0843504,O4,O,174;,
8.628704800000001,1.4363040484989572e-15,23.4566252,T1,Si,75;170;215,7.15600000e+00;1.47678497e-15;2.41177288e+01;N 8.46984160e+00;1.33817625e-15;2.18540766e+01;N 9.42158960e+00;1.31813520e+00;2.39252556e+01
10.734000000000002,1.5728888000000016,27.7454302,T2,Si,126;135;172;225,1.20464104e+01;2.25986480e+00;2.83772444e+01;N 1.07340000e+01;1.78900000e+00;2.61512500e+01;N 1.07340000e+01;1.71967049e-15;2.80843504e+01;N 9.42158960e+00;2.25986480e+00;2.83772444e+01
12.0478416,3.578,0.9330765999999994,O1,O,179;181;,
12.9995896,2.259864799999999,3.0042556,O2,O,179;,
10.734,3.578,3.1967288,O3,O,179;184;,
7.156,3.5780000000000003,7.163350400000001,O4,O,180;185;,
12.2067048,3.578,2.5356251999999992,T1,Si,175;176;177;214,12.0478416; 3.578    ; 0.9330766;N 12.9995896; 2.2598648; 3.0042556;N 10.734    ; 3.578    ; 3.1967288;N 12.9995896; 4.8961352; 3.0042556
7.156,5.1508888,6.824430199999999,T2,Si,111;118;140;178,5.8435896;5.8378648;7.4562444;N 8.4684104;5.8378648;7.4562444;N 7.156    ;5.367    ;5.23025  ;N 7.156    ;3.578    ;7.1633504
10.734,3.578,0.0,T3,Si,175;182,12.0478416; 3.578    ; 0.9330766;N  9.4201584; 3.578    ; 0.9330766
9.4201584,3.578,0.9330765999999994,O1,O,181;184;,
8.4684104,4.8961352,3.0042556,O2,O,142;184;,
9.2612952,3.578,2.5356251999999992,T1,Si,177;182;183;217,10.734    ; 3.578    ; 3.1967288;N  9.4201584; 3.578    ; 0.9330766;N  8.4684104; 4.8961352; 3.0042556;N  8.4684104; 2.2598648; 3.0042556
7.156,2.0051112000000004,6.824430199999999,T2,Si,24;121;178;223,5.8435896;1.3181352;7.4562444;N 7.156    ;1.789    ;5.23025  ;N 7.156    ;3.578    ;7.1633504;N 8.4684104;1.3181352;7.4562444
12.9981584,1.3381762478255537e-15,21.8540766,O1,O,189;191;,
12.0464104,1.3181352000000015,23.9252556,O2,O,137;189;,
14.312,1.4767849688811968e-15,24.1177288,O3,O,189;,
12.8392952,1.4363040484989572e-15,23.4566252,T1,Si,186;187;188,1.29981584e+01;1.33817625e-15;2.18540766e+01;N 1.20464104e+01;1.31813520e+00;2.39252556e+01;N 1.43120000e+01;1.47678497e-15;2.41177288e+01
10.734000000000002,5.583111200000001,27.7454302,T2,Si,129;134;222;395,10.734    ; 5.367    ;26.15125  ;N  9.4215896; 4.8961352;28.3772444;N 12.0464104; 4.8961352;28.3772444;N 10.734    ; 7.156    ;28.0843504
14.312,1.2810417842480888e-15,20.921,T3,Si,186,1.29981584e+01;1.33817625e-15;2.18540766e+01
10.734,5.842158400000001,11.3935766,O1,O,196;198;,
9.415864799999998,4.8904104,13.464755599999998,O2,O,169;196;,
10.734,7.156000000000001,13.6572288,O3,O,196;434;,
10.734000000000002,3.5780000000000007,17.623850400000002,O4,O,197;213;,
10.734,5.683295200000001,12.9961252,T1,Si,192;193;194;220,10.734    ; 5.8421584;11.3935766;N  9.4158648; 4.8904104;13.4647556;N 10.734    ; 7.156    ;13.6572288;N 12.0521352; 4.8904104;13.4647556
12.3068888,3.5780000000000007,17.2849302,T2,Si,147;165;195;228,12.523    ; 3.578    ;15.69075  ;N 12.9938648; 2.2655896;17.9167444;N 10.734    ; 3.578    ;17.6238504;N 12.9938648; 4.8904104;17.9167444
10.734,7.156000000000001,10.4605,T3,Si,192;342;362;432,10.734    ; 5.8421584;11.3935766;N  9.4201584; 7.156    ; 9.5274234;N 12.0478416; 7.156    ; 9.5274234;N 10.734    ; 8.4698416;11.3935766
7.1560000000000015,2.2641584000000017,32.314576599999995,O1,O,15;203;,
12.9938648,1.312410400000002,34.3857556,O2,O,163;,
7.1560000000000015,3.578000000000002,34.5782288,O3,O,203;207;,
7.156000000000002,2.360191383298679e-15,38.5448504,O4,O,95;204;,
7.1560000000000015,2.1052952000000023,33.9171252,T1,Si,87;199;201;221, 5.8378648; 1.3124104;34.3857556;N  7.156    ; 2.2641584;32.3145766;N  7.156    ; 3.578    ;34.5782288;N  8.4741352; 1.3124104;34.3857556
8.728888800000002,2.3394385063938603e-15,38.2059302,T2,Si,155;202;229,8.94500000e+00;2.24182312e-15;3.66117500e+01;N 7.15600000e+00;2.36019138e-15;3.85448504e+01;N 9.41586480e+00;1.31241040e+00;3.88377444e+01
7.1560000000000015,4.891841600000001,32.314576599999995,O1,O,15;207;,
8.474135200000003,5.843589600000001,34.3857556,O2,O,207;381;,
7.1560000000000015,5.050704800000002,33.9171252,T1,Si,105;201;205;206, 5.8378648; 5.8435896;34.3857556;N  7.156    ; 3.578    ;34.5782288;N  7.156    ; 4.8918416;32.3145766;N  8.4741352; 5.8435896;34.3857556
12.739111200000002,2.3394385063938603e-15,38.2059302,T2,Si,152;161,1.20521352e+01;1.31241040e+00;3.88377444e+01;N 1.25230000e+01;2.24182312e-15;3.66117500e+01
10.734,1.3138416000000006,11.3935766,O1,O,124;212;,
12.0521352,2.2655896000000006,13.464755599999998,O2,O,149;212;,
10.734,8.362640767571524e-16,13.6572288,O3,O,212;,
10.734,1.4727048000000007,12.9961252,T1,Si,209;210;211;219,1.07340000e+01;1.31384160e+00;1.13935766e+01;N 1.20521352e+01;2.26558960e+00;1.34647556e+01;N 1.07340000e+01;8.36264077e-16;1.36572288e+01;N 9.41586480e+00;2.26558960e+00;1.34647556e+01
9.1611112,3.5780000000000007,17.2849302,T2,Si,144;167;195;227, 8.4741352; 4.8904104;17.9167444;N  8.945    ; 3.578    ;15.69075  ;N 10.734    ; 3.578    ;17.6238504;N  8.4741352; 2.2655896;17.9167444
12.9995896,4.8961352,3.0042556,O2,O,179;,
9.4215896,1.3181352000000015,23.9252556,O2,O,137;173;,
12.0464104,5.837864800000001,23.9252556,O2,O,131;412;,
8.4684104,2.259864799999999,3.0042556,O2,O,123;184;,
12.9938648,5.843589600000001,34.3857556,O2,O,387;,
9.415864799999998,2.2655896000000006,13.464755599999998,O2,O,169;212;,
12.0521352,4.8904104,13.464755599999998,O2,O,149;196;,
8.474135200000003,1.312410400000002,34.3857556,O2,O,157;203;,
12.0464104,4.896135200000002,28.3772444,O2,O,130;190;,
8.4684104,1.3181352000000006,7.4562444,O2,O,122;185;,
12.9995896,5.8378648,7.4562444,O2,O,365;,
9.4215896,2.259864800000001,28.3772444,O2,O,136;174;,
12.052135200000002,5.843589600000002,38.8377444,O2,O,162;431;,
8.474135200000003,2.2655896000000006,17.9167444,O2,O,168;213;,
12.9938648,4.8904104,17.9167444,O2,O,197;,
9.4158648,1.3124104000000023,38.8377444,O2,O,156;204;,
2.264158400000001,7.156000000000001,9.5274234,O1,O,85;235;,
1.3124104000000014,12.9938648,7.4562444,O2,O,294;,
3.5780000000000007,7.156000000000001,7.2637712,O3,O,235;255;,
6.400708099324219e-16,7.156,3.2971496,O4,O,27;236;,
8.67983726980676e-16,8.945,5.23025,O5,O,236;299;,
2.105295200000001,7.156000000000001,7.9248748,T1,Si,1;230;232;335,1.3124104;5.8378648;7.4562444;N 2.2641584;7.156    ;9.5274234;N 3.578    ;7.156    ;7.2637712;N 1.3124104;8.4741352;7.4562444
7.571353485539769e-16,8.7288888,3.6360698,T2,Si,233;234;329,6.40070810e-16;7.15600000e+00;3.29714960e+00;N 8.67983727e-16;8.94500000e+00;5.23025000e+00;N 1.31241040e+00;9.41586480e+00;3.00425560e+00
5.842158400000002,10.734000000000002,30.4484234,O1,O,242;244;,
4.890410400000002,9.4158648,28.3772444,O2,O,242;288;,
7.156000000000002,10.734000000000002,28.1847712,O3,O,242;360;,
3.5780000000000016,10.734000000000002,24.2181496,O4,O,243;250;,
3.5780000000000025,12.523,26.15125,O5,O,243;304;,
5.6832952000000025,10.734000000000002,28.8458748,T1,Si,237;238;239;334, 5.8421584;10.734    ;30.4484234;N  4.8904104; 9.4158648;28.3772444;N  7.156    ;10.734    ;28.1847712;N  4.8904104;12.0521352;28.3772444
3.578000000000002,12.3068888,24.5570698,T2,Si,240;241;284;328, 3.578    ;10.734    ;24.2181496;N  3.578    ;12.523    ;26.15125  ;N  2.2655896;12.9938648;23.9252556;N  4.8904104;12.9938648;23.9252556
7.156000000000002,10.734000000000002,31.3815,T3,Si,237;357;422;428, 5.8421584;10.734    ;30.4484234;N  8.4698416;10.734    ;30.4484234;N  7.156    ; 9.4201584;32.3145766;N  7.156    ;12.0478416;32.3145766
1.3138416000000024,10.734000000000002,30.4484234,O1,O,249;251;,
2.2655896000000024,12.052135200000002,28.3772444,O2,O,249;304;,
2.3830874288414098e-15,10.734000000000002,28.1847712,O3,O,249;,
3.578000000000002,8.945000000000002,26.15125,O5,O,250;288;,
1.4727048000000025,10.734000000000002,28.8458748,T1,Si,245;246;247;337,1.31384160e+00;1.07340000e+01;3.04484234e+01;N 2.26558960e+00;1.20521352e+01;2.83772444e+01;N 2.38308743e-15;1.07340000e+01;2.81847712e+01;N 2.26558960e+00;9.41586480e+00;2.83772444e+01
3.5780000000000016,9.1611112,24.5570698,T2,Si,240;248;301;327, 3.578    ;10.734    ;24.2181496;N  3.578    ; 8.945    ;26.15125  ;N  4.8904104; 8.4741352;23.9252556;N  2.2655896; 8.4741352;23.9252556
2.5788306134745178e-15,10.734000000000002,31.3815,T3,Si,245;312;318,1.31384160e+00;1.07340000e+01;3.04484234e+01;N 2.55551548e-15;9.42015840e+00;3.23145766e+01;N 2.71641467e-15;1.20478416e+01;3.23145766e+01
4.8918416,7.156000000000001,9.5274234,O1,O,85;255;,
5.843589600000001,8.474135200000001,7.4562444,O2,O,255;408;,
1.0870730393481374e-15,12.523,5.23025,O5,O,256;294;,
5.050704800000001,7.156000000000001,7.9248748,T1,Si,111;232;252;253,5.8435896;5.8378648;7.4562444;N 3.578    ;7.156    ;7.2637712;N 4.8918416;7.156    ;9.5274234;N 5.8435896;8.4741352;7.4562444
1.0026906498554278e-15,12.7391112,3.6360698,T2,Si,254;297,1.08707304e-15;1.25230000e+01;5.23025000e+00;N 1.31241040e+00;1.20521352e+01;3.00425560e+00
2.0198149746391386e-15,12.9981584,19.9879234,O1,O,262;264;,
1.318135200000002,12.0464104,17.9167444,O2,O,262;325;,
1.961655849084827e-15,14.312,17.724271199999997,O3,O,262;,
1.4996810144239276e-15,10.734,13.7576496,O4,O,282;,
5.367000000000002,10.734000000000002,15.69075,O5,O,263;310;,
1.9119596084966197e-15,12.8392952,18.3853748,T1,Si,257;258;259,2.01981497e-15;1.29981584e+01;1.99879234e+01;N 1.31813520e+00;1.20464104e+01;1.79167444e+01;N 1.96165585e-15;1.43120000e+01;1.77242712e+01
5.583111200000001,10.734,14.0965698,T2,Si,261;323;332;370, 5.367    ;10.734    ;15.69075  ;N  4.8961352; 9.4215896;13.4647556;N  4.8961352;12.0464104;13.4647556;N  7.156    ;10.734    ;13.7576496
2.157399033717935e-15,14.312,20.921,T3,Si,257,2.01981497e-15;1.29981584e+01;1.99879234e+01
3.578000000000003,9.420158400000002,40.9089234,O1,O,270;272;,
4.896135200000003,8.468410400000002,38.8377444,O2,O,270;321;,
3.5780000000000025,10.734000000000002,38.6452712,O3,O,270;276;,
3.5780000000000025,7.1560000000000015,34.6786496,O4,O,271;277;,
1.7890000000000026,7.156000000000002,36.61175,O5,O,271;317;,
3.5780000000000025,9.2612952,39.3063748,T1,Si,265;266;267;341, 3.578    ; 9.4201584;40.9089234;N  4.8961352; 8.4684104;38.8377444;N  3.578    ;10.734    ;38.6452712;N  2.2598648; 8.4684104;38.8377444
2.005111200000002,7.1560000000000015,35.0175698,T2,Si,93;268;269;333, 1.3181352; 5.8435896;34.3857556;N  3.578    ; 7.156    ;34.6786496;N  1.789    ; 7.156    ;36.61175  ;N  1.3181352; 8.4684104;34.3857556
3.578000000000003,10.734000000000002,41.842,T3,Si,265;273;739;745, 3.578    ; 9.4201584;40.9089234;N  3.578    ;12.0478416;40.9089234;N  4.8918416;10.734    ;42.7750766;N  2.2641584;10.734    ;42.7750766
3.5780000000000034,12.047841600000002,40.9089234,O1,O,272;276;,
2.259864800000002,12.999589600000002,38.8377444,O2,O,276;,
5.367000000000003,7.156000000000002,36.61175,O5,O,277;321;,
3.578000000000003,12.2067048,39.3063748,T1,Si,267;273;274;338, 3.578    ;10.734    ;38.6452712;N  3.578    ;12.0478416;40.9089234;N  2.2598648;12.9995896;38.8377444;N  4.8961352;12.9995896;38.8377444
5.1508888000000015,7.1560000000000015,35.0175698,T2,Si,105;268;275;313, 5.8378648; 5.8435896;34.3857556;N  3.578    ; 7.156    ;34.6786496;N  5.367    ; 7.156    ;36.61175  ;N  5.8378648; 8.4684104;34.3857556
1.742535540906879e-15,8.4698416,19.9879234,O1,O,35;281;,
5.837864800000001,9.4215896,17.9167444,O2,O,310;391;,
1.7890000000000017,10.734000000000002,15.69075,O5,O,282;325;,
1.6541353057025906e-15,8.628704800000001,18.3853748,T1,Si,30;278;339,1.52347722e-15;7.15600000e+00;1.77242712e+01;N 1.74253554e-15;8.46984160e+00;1.99879234e+01;N 1.31813520e+00;9.42158960e+00;1.79167444e+01
1.5728888000000014,10.734,14.0965698,T2,Si,260;280;306;331,1.49968101e-15;1.07340000e+01;1.37576496e+01;N 1.78900000e+00;1.07340000e+01;1.56907500e+01;N 2.25986480e+00;1.20464104e+01;1.34647556e+01;N 2.25986480e+00;9.42158960e+00;1.34647556e+01
1.3138416000000015,7.1560000000000015,21.8540766,O1,O,35;287;,
2.265589600000002,12.9938648,23.9252556,O2,O,243;,
1.9149635936161203e-15,7.1560000000000015,24.1177288,O3,O,287;,
3.578000000000002,7.1560000000000015,28.0843504,O4,O,77;288;,
1.4727048000000016,7.1560000000000015,23.4566252,T1,Si,57;283;285;327,2.26558960e+00;5.83786480e+00;2.39252556e+01;N 1.31384160e+00;7.15600000e+00;2.18540766e+01;N 1.91496359e-15;7.15600000e+00;2.41177288e+01;N 2.26558960e+00;8.47413520e+00;2.39252556e+01
3.578000000000002,8.728888800000002,27.7454302,T2,Si,238;248;286;337, 4.8904104; 9.4158648;28.3772444;N  3.578    ; 8.945    ;26.15125  ;N  3.578    ; 7.156    ;28.0843504;N  2.2655896; 9.4158648;28.3772444
4.8918416,10.734,0.9330765999999994,O1,O,293;295;,
5.8435896000000005,9.415864799999998,3.0042556,O2,O,293;348;,
3.5780000000000003,10.734,3.1967288,O3,O,293;298;,
1.0958966440289301e-15,10.734,7.163350400000001,O4,O,294;299;,
5.050704800000001,10.734,2.5356251999999992,T1,Si,289;290;291;326, 4.8918416;10.734    ; 0.9330766;N  5.8435896; 9.4158648; 3.0042556;N  3.578    ;10.734    ; 3.1967288;N  5.8435896;12.0521352; 3.0042556
1.1714554288408473e-15,12.3068888,6.824430199999999,T2,Si,231;254;292,1.31241040e+00;1.29938648e+01;7.45624440e+00;N 1.08707304e-15;1.25230000e+01;5.23025000e+00;N 1.09589664e-15;1.07340000e+01;7.16335040e+00
3.5780000000000003,10.734,0.0,T3,Si,289;296, 4.8918416;10.734    ; 0.9330766;N  2.2641584;10.734    ; 0.9330766
2.2641584000000003,10.734,0.9330765999999994,O1,O,295;298;,
1.312410400000001,12.0521352,3.0042556,O2,O,256;298;,
2.1052952000000005,10.734,2.5356251999999992,T1,Si,291;296;297;329, 3.578    ;10.734    ; 3.1967288;N  2.2641584;10.734    ; 0.9330766;N  1.3124104;12.0521352; 3.0042556;N  1.3124104; 9.4158648; 3.0042556
9.788321054073749e-16,9.1611112,6.824430199999999,T2,Si,234;292;335,8.67983727e-16;8.94500000e+00;5.23025000e+00;N 1.09589664e-15;1.07340000e+01;7.16335040e+00;N 1.31241040e+00;8.47413520e+00;7.45624440e+00
5.8421584000000015,7.1560000000000015,21.8540766,O1,O,150;303;,
4.890410400000002,8.474135200000003,23.9252556,O2,O,250;303;,
7.1560000000000015,7.1560000000000015,24.1177288,O3,O,303;396;,
5.683295200000002,7.1560000000000015,23.4566252,T1,Si,103;300;301;302, 4.8904104; 5.8378648;23.9252556;N  5.8421584; 7.156    ;21.8540766;N  4.8904104; 8.4741352;23.9252556;N  7.156    ; 7.156    ;24.1177288
3.5780000000000025,12.739111200000002,27.7454302,T2,Si,241;246;334, 3.578    ;12.523    ;26.15125  ;N  2.2655896;12.0521352;28.3772444;N  4.8904104;12.0521352;28.3772444
3.5780000000000016,12.9981584,11.3935766,O1,O,309;311;,
2.259864800000001,12.0464104,13.464755599999998,O2,O,282;309;,
3.5780000000000016,14.312,13.6572288,O3,O,309;,
3.578000000000001,10.734000000000002,17.623850400000002,O4,O,310;325;,
3.5780000000000016,12.8392952,12.9961252,T1,Si,305;306;307;332, 3.578    ;12.9981584;11.3935766;N  2.2598648;12.0464104;13.4647556;N  3.578    ;14.312    ;13.6572288;N  4.8961352;12.0464104;13.4647556
5.1508888000000015,10.734000000000002,17.2849302,T2,Si,261;279;308;340, 5.367    ;10.734    ;15.69075  ;N  5.8378648; 9.4215896;17.9167444;N  3.578    ;10.734    ;17.6238504;N  5.8378648;12.0464104;17.9167444
3.578000000000001,14.312,10.4605,T3,Si,305, 3.578    ;12.9981584;11.3935766
2.555515481550651e-15,9.420158400000002,32.314576599999995,O1,O,251;316;,
5.837864800000002,8.468410400000002,34.3857556,O2,O,277;426;,
2.7745737981076258e-15,10.734000000000002,34.5782288,O3,O,316;320;,
2.798370008033602e-15,7.156000000000002,38.5448504,O4,O,317;,
2.6439157167549388e-15,9.2612952,33.9171252,T1,Si,312;314;333,2.55551548e-15;9.42015840e+00;3.23145766e+01;N 2.77457380e-15;1.07340000e+01;3.45782288e+01;N 1.31813520e+00;8.46841040e+00;3.43857556e+01
1.5728888000000028,7.156000000000002,38.2059302,T2,Si,45;269;315;341,2.25986480e+00;5.84358960e+00;3.88377444e+01;N 1.78900000e+00;7.15600000e+00;3.66117500e+01;N 2.79837001e-15;7.15600000e+00;3.85448504e+01;N 2.25986480e+00;8.46841040e+00;3.88377444e+01
2.7164146725533146e-15,12.047841600000002,32.314576599999995,O1,O,251;320;,
1.318135200000003,12.999589600000002,34.3857556,O2,O,320;,
2.824270038695833e-15,12.2067048,33.9171252,T1,Si,314;318;319,2.77457380e-15;1.07340000e+01;3.45782288e+01;N 2.71641467e-15;1.20478416e+01;3.23145766e+01;N 1.31813520e+00;1.29995896e+01;3.43857556e+01
5.583111200000002,7.156000000000002,38.2059302,T2,Si,113;266;275;425, 4.8961352; 5.8435896;38.8377444;N  4.8961352; 8.4684104;38.8377444;N  5.367    ; 7.156    ;36.61175  ;N  7.156    ; 7.156    ;38.5448504
3.578000000000001,8.469841599999999,11.3935766,O1,O,85;324;,
4.896135200000002,9.4215896,13.464755599999998,O2,O,263;324;,
3.578000000000001,8.6287048,12.9961252,T1,Si,81;322;323;331, 3.578    ; 7.156    ;13.6572288;N  3.578    ; 8.4698416;11.3935766;N  4.8961352; 9.4215896;13.4647556;N  2.2598648; 9.4215896;13.4647556
2.0051112000000013,10.734000000000002,17.2849302,T2,Si,258;280;308;339, 1.3181352;12.0464104;17.9167444;N  1.789    ;10.734    ;15.69075  ;N  3.578    ;10.734    ;17.6238504;N  1.3181352; 9.4215896;17.9167444
5.8435896000000005,12.0521352,3.0042556,O2,O,293;366;,
2.265589600000001,8.474135200000003,23.9252556,O2,O,250;287;,
4.890410400000002,12.9938648,23.9252556,O2,O,243;,
1.312410400000001,9.415864799999998,3.0042556,O2,O,236;298;,
5.837864800000002,12.999589600000002,34.3857556,O2,O,430;,
2.2598648000000003,9.4215896,13.464755599999998,O2,O,282;324;,
4.896135200000002,12.0464104,13.464755599999998,O2,O,263;309;,
1.3181352000000026,8.468410400000002,34.3857556,O2,O,271;316;,
4.890410400000002,12.052135200000002,28.3772444,O2,O,242;304;,
1.312410400000001,8.474135200000001,7.4562444,O2,O,235;299;,
5.843589600000001,12.9938648,7.4562444,O2,O,403;,
2.265589600000002,9.4158648,28.3772444,O2,O,249;288;,
4.896135200000003,12.999589600000002,38.8377444,O2,O,276;,
1.318135200000002,9.4215896,17.9167444,O2,O,281;325;,
5.837864800000001,12.0464104,17.9167444,O2,O,310;372;,
2.2598648000000017,8.468410400000002,38.8377444,O2,O,270;317;,
9.4201584,7.156000000000001,9.5274234,O1,O,198;347;,
8.4684104,12.9938648,7.4562444,O2,O,403;,
10.734,7.156000000000001,7.2637712,O3,O,347;365;,
7.156,7.156,3.2971496,O4,O,142;348;,
7.156000000000001,8.945,5.23025,O5,O,348;408;,
9.2612952,7.156000000000001,7.9248748,T1,Si,118;342;344;445, 8.4684104; 5.8378648; 7.4562444;N  9.4201584; 7.156    ; 9.5274234;N 10.734    ; 7.156    ; 7.2637712;N  8.4684104; 8.4741352; 7.4562444
7.156000000000001,8.7288888,3.6360698,T2,Si,290;345;346;439,5.8435896;9.4158648;3.0042556;N 7.156    ;7.156    ;3.2971496;N 7.156    ;8.945    ;5.23025  ;N 8.4684104;9.4158648;3.0042556
12.9981584,10.734000000000002,30.4484234,O1,O,354;356;,
12.0464104,9.4158648,28.3772444,O2,O,354;397;,
14.312,10.734000000000002,28.1847712,O3,O,354;,
10.734000000000002,10.734000000000002,24.2181496,O4,O,355;361;,
10.734000000000002,12.523,26.15125,O5,O,355;413;,
12.8392952,10.734000000000002,28.8458748,T1,Si,349;350;351;444,12.9981584;10.734    ;30.4484234;N 12.0464104; 9.4158648;28.3772444;N 14.312    ;10.734    ;28.1847712;N 12.0464104;12.0521352;28.3772444
10.734000000000002,12.3068888,24.5570698,T2,Si,352;353;394;438,10.734    ;10.734    ;24.2181496;N 10.734    ;12.523    ;26.15125  ;N  9.4215896;12.9938648;23.9252556;N 12.0464104;12.9938648;23.9252556
14.312,10.734000000000002,31.3815,T3,Si,349,12.9981584;10.734    ;30.4484234
8.4698416,10.734000000000002,30.4484234,O1,O,244;360;,
9.4215896,12.052135200000002,28.3772444,O2,O,360;413;,
10.734000000000002,8.945000000000002,26.15125,O5,O,361;397;,
8.628704800000001,10.734000000000002,28.8458748,T1,Si,239;357;358;447, 7.156    ;10.734    ;28.1847712;N  8.4698416;10.734    ;30.4484234;N  9.4215896;12.0521352;28.3772444;N  9.4215896; 9.4158648;28.3772444
10.734000000000002,9.1611112,24.5570698,T2,Si,352;359;410;437,10.734    ;10.734    ;24.2181496;N 10.734    ; 8.945    ;26.15125  ;N 12.0464104; 8.4741352;23.9252556;N  9.4215896; 8.4741352;23.9252556
12.0478416,7.156000000000001,9.5274234,O1,O,198;365;,
12.9995896,8.474135200000001,7.4562444,O2,O,365;,
7.156000000000001,12.523,5.23025,O5,O,366;403;,
12.2067048,7.156000000000001,7.9248748,T1,Si,224;344;362;363,12.9995896; 5.8378648; 7.4562444;N 10.734    ; 7.156    ; 7.2637712;N 12.0478416; 7.156    ; 9.5274234;N 12.9995896; 8.4741352; 7.4562444
7.156000000000001,12.7391112,3.6360698,T2,Si,326;364;406, 5.8435896;12.0521352; 3.0042556;N  7.156    ;12.523    ; 5.23025  ;N  8.4684104;12.0521352; 3.0042556
7.1560000000000015,12.9981584,19.9879234,O1,O,372;374;,
8.474135200000003,12.0464104,17.9167444,O2,O,372;435;,
7.1560000000000015,14.312,17.724271199999997,O3,O,372;,
7.1560000000000015,10.734,13.7576496,O4,O,263;392;,
12.523,10.734000000000002,15.69075,O5,O,373;420;,
7.1560000000000015,12.8392952,18.3853748,T1,Si,340;367;368;369, 5.8378648;12.0464104;17.9167444;N  7.156    ;12.9981584;19.9879234;N  8.4741352;12.0464104;17.9167444;N  7.156    ;14.312    ;17.7242712
12.7391112,10.734,14.0965698,T2,Si,371;433;442,12.523    ;10.734    ;15.69075  ;N 12.0521352; 9.4215896;13.4647556;N 12.0521352;12.0464104;13.4647556
7.1560000000000015,14.312,20.921,T3,Si,367, 7.156    ;12.9981584;19.9879234
10.734000000000002,9.420158400000002,40.9089234,O1,O,380;382;,
12.052135200000002,8.468410400000002,38.8377444,O2,O,380;431;,
10.734000000000002,10.734000000000002,38.6452712,O3,O,380;386;,
10.734000000000002,7.1560000000000015,34.6786496,O4,O,381;387;,
8.945000000000002,7.156000000000002,36.61175,O5,O,381;427;,
10.734000000000002,9.2612952,39.3063748,T1,Si,375;376;377;451,10.734    ; 9.4201584;40.9089234;N 12.0521352; 8.4684104;38.8377444;N 10.734    ;10.734    ;38.6452712;N  9.4158648; 8.4684104;38.8377444
9.1611112,7.1560000000000015,35.0175698,T2,Si,206;378;379;443, 8.4741352; 5.8435896;34.3857556;N 10.734    ; 7.156    ;34.6786496;N  8.945    ; 7.156    ;36.61175  ;N  8.4741352; 8.4684104;34.3857556
10.734000000000002,10.734000000000002,41.842,T3,Si,375;383;847;853,10.734    ; 9.4201584;40.9089234;N 10.734    ;12.0478416;40.9089234;N 12.0478416;10.734    ;42.7750766;N  9.4201584;10.734    ;42.7750766
10.734000000000002,12.047841600000002,40.9089234,O1,O,382;386;,
9.4158648,12.999589600000002,38.8377444,O2,O,386;,
12.523,7.156000000000002,36.61175,O5,O,387;431;,
10.734000000000002,12.2067048,39.3063748,T1,Si,377;383;384;448,10.734    ;10.734    ;38.6452712;N 10.734    ;12.0478416;40.9089234;N  9.4158648;12.9995896;38.8377444;N 12.0521352;12.9995896;38.8377444
12.3068888,7.1560000000000015,35.0175698,T2,Si,218;378;385;423,12.9938648; 5.8435896;34.3857556;N 10.734    ; 7.156    ;34.6786496;N 12.523    ; 7.156    ;36.61175  ;N 12.9938648; 8.4684104;34.3857556
7.1560000000000015,8.4698416,19.9879234,O1,O,150;391;,
12.9938648,9.4215896,17.9167444,O2,O,420;,
8.945000000000002,10.734000000000002,15.69075,O5,O,392;435;,
7.1560000000000015,8.628704800000001,18.3853748,T1,Si,145;279;388;449, 7.156    ; 7.156    ;17.7242712;N  5.8378648; 9.4215896;17.9167444;N  7.156    ; 8.4698416;19.9879234;N  8.4741352; 9.4215896;17.9167444
8.7288888,10.734,14.0965698,T2,Si,370;390;416;441, 7.156    ;10.734    ;13.7576496;N  8.945    ;10.734    ;15.69075  ;N  9.4158648;12.0464104;13.4647556;N  9.4158648; 9.4215896;13.4647556
8.4698416,7.1560000000000015,21.8540766,O1,O,150;396;,
9.4215896,12.9938648,23.9252556,O2,O,355;,
10.734000000000002,7.1560000000000015,28.0843504,O4,O,190;397;,
8.628704800000001,7.1560000000000015,23.4566252,T1,Si,171;302;393;437, 9.4215896; 5.8378648;23.9252556;N  7.156    ; 7.156    ;24.1177288;N  8.4698416; 7.156    ;21.8540766;N  9.4215896; 8.4741352;23.9252556
10.734000000000002,8.728888800000002,27.7454302,T2,Si,350;359;395;447,12.0464104; 9.4158648;28.3772444;N 10.734    ; 8.945    ;26.15125  ;N 10.734    ; 7.156    ;28.0843504;N  9.4215896; 9.4158648;28.3772444
12.0478416,10.734,0.9330765999999994,O1,O,402;404;,
12.9995896,9.415864799999998,3.0042556,O2,O,402;,
10.734,10.734,3.1967288,O3,O,402;407;,
7.156000000000001,10.734,7.163350400000001,O4,O,403;408;,
12.2067048,10.734,2.5356251999999992,T1,Si,398;399;400;436,12.0478416;10.734    ; 0.9330766;N 12.9995896; 9.4158648; 3.0042556;N 10.734    ;10.734    ; 3.1967288;N 12.9995896;12.0521352; 3.0042556
7.156000000000001,12.3068888,6.824430199999999,T2,Si,336;343;364;401, 5.8435896;12.9938648; 7.4562444;N  8.4684104;12.9938648; 7.4562444;N  7.156    ;12.523    ; 5.23025  ;N  7.156    ;10.734    ; 7.1633504
10.734,10.734,0.0,T3,Si,398;405,12.0478416;10.734    ; 0.9330766;N  9.4201584;10.734    ; 0.9330766
9.4201584,10.734,0.9330765999999994,O1,O,404;407;,
8.4684104,12.0521352,3.0042556,O2,O,366;407;,
9.2612952,10.734,2.5356251999999992,T1,Si,400;405;406;439,10.734    ;10.734    ; 3.1967288;N  9.4201584;10.734    ; 0.9330766;N  8.4684104;12.0521352; 3.0042556;N  8.4684104; 9.4158648; 3.0042556
7.156000000000001,9.1611112,6.824430199999999,T2,Si,253;346;401;445, 5.8435896; 8.4741352; 7.4562444;N  7.156    ; 8.945    ; 5.23025  ;N  7.156    ;10.734    ; 7.1633504;N  8.4684104; 8.4741352; 7.4562444
12.9981584,7.1560000000000015,21.8540766,O1,O,412;414;,
12.0464104,8.474135200000003,23.9252556,O2,O,361;412;,
14.312,7.1560000000000015,24.1177288,O3,O,412;,
12.8392952,7.1560000000000015,23.4566252,T1,Si,216;409;410;411,12.0464104; 5.8378648;23.9252556;N 12.9981584; 7.156    ;21.8540766;N 12.0464104; 8.4741352;23.9252556;N 14.312    ; 7.156    ;24.1177288
10.734000000000002,12.739111200000002,27.7454302,T2,Si,353;358;444,10.734    ;12.523    ;26.15125  ;N  9.4215896;12.0521352;28.3772444;N 12.0464104;12.0521352;28.3772444
14.312,7.156000000000001,20.921,T3,Si,409,12.9981584; 7.156    ;21.8540766
10.734,12.9981584,11.3935766,O1,O,419;421;,
9.415864799999998,12.0464104,13.464755599999998,O2,O,392;419;,
10.734,14.312,13.6572288,O3,O,419;,
10.734000000000002,10.734000000000002,17.623850400000002,O4,O,420;435;,
10.734,12.8392952,12.9961252,T1,Si,415;416;417;442,10.734    ;12.9981584;11.3935766;N  9.4158648;12.0464104;13.4647556;N 10.734    ;14.312    ;13.6572288;N 12.0521352;12.0464104;13.4647556
12.3068888,10.734000000000002,17.2849302,T2,Si,371;389;418;450,12.523    ;10.734    ;15.69075  ;N 12.9938648; 9.4215896;17.9167444;N 10.734    ;10.734    ;17.6238504;N 12.9938648;12.0464104;17.9167444
10.734,14.312,10.4605,T3,Si,415,10.734    ;12.9981584;11.3935766
7.156000000000002,9.420158400000002,32.314576599999995,O1,O,244;426;,
12.9938648,8.468410400000002,34.3857556,O2,O,387;,
7.156000000000002,10.734000000000002,34.5782288,O3,O,426;430;,
7.156000000000002,7.156000000000002,38.5448504,O4,O,321;427;,
7.156000000000002,9.2612952,33.9171252,T1,Si,313;422;424;443, 5.8378648; 8.4684104;34.3857556;N  7.156    ; 9.4201584;32.3145766;N  7.156    ;10.734    ;34.5782288;N  8.4741352; 8.4684104;34.3857556
8.728888800000002,7.156000000000002,38.2059302,T2,Si,160;379;425;451, 9.4158648; 5.8435896;38.8377444;N  8.945    ; 7.156    ;36.61175  ;N  7.156    ; 7.156    ;38.5448504;N  9.4158648; 8.4684104;38.8377444
7.156000000000002,12.047841600000002,32.314576599999995,O1,O,244;430;,
8.474135200000003,12.999589600000002,34.3857556,O2,O,430;,
7.156000000000002,12.2067048,33.9171252,T1,Si,330;424;428;429, 5.8378648;12.9995896;34.3857556;N  7.156    ;10.734    ;34.5782288;N  7.156    ;12.0478416;32.3145766;N  8.4741352;12.9995896;34.3857556
12.739111200000002,7.156000000000002,38.2059302,T2,Si,226;376;385,12.0521352; 5.8435896;38.8377444;N 12.0521352; 8.4684104;38.8377444;N 12.523    ; 7.156    ;36.61175  
10.734,8.469841599999999,11.3935766,O1,O,198;434;,
12.0521352,9.4215896,13.464755599999998,O2,O,373;434;,
10.734,8.6287048,12.9961252,T1,Si,194;432;433;441,10.734    ; 7.156    ;13.6572288;N 10.734    ; 8.4698416;11.3935766;N 12.0521352; 9.4215896;13.4647556;N  9.4158648; 9.4215896;13.4647556
9.1611112,10.734000000000002,17.2849302,T2,Si,368;390;418;449, 8.4741352;12.0464104;17.9167444;N  8.945    ;10.734    ;15.69075  ;N 10.734    ;10.734    ;17.6238504;N  8.4741352; 9.4215896;17.9167444
12.9995896,12.0521352,3.0042556,O2,O,402;,
9.4215896,8.474135200000003,23.9252556,O2,O,361;396;,
12.0464104,12.9938648,23.9252556,O2,O,355;,
8.4684104,9.415864799999998,3.0042556,O2,O,348;407;,
12.9938648,12.999589600000002,34.3857556,O2,O,,
9.415864799999998,9.4215896,13.464755599999998,O2,O,392;434;,
12.0521352,12.0464104,13.464755599999998,O2,O,373;419;,
8.474135200000003,8.468410400000002,34.3857556,O2,O,381;426;,
12.0464104,12.052135200000002,28.3772444,O2,O,354;413;,
8.4684104,8.474135200000001,7.4562444,O2,O,347;408;,
12.9995896,12.9938648,7.4562444,O2,O,,
9.4215896,9.4158648,28.3772444,O2,O,360;397;,
12.052135200000002,12.999589600000002,38.8377444,O2,O,386;,
8.474135200000003,9.4215896,17.9167444,O2,O,391;435;,
12.9938648,12.0464104,17.9167444,O2,O,420;,
9.4158648,8.468410400000002,38.8377444,O2,O,380;427;,
2.264158400000003,3.1454699970427575e-15,51.3694234,O1,O,457;459;,
1.3124104000000036,5.837864800000002,49.2982444,O2,O,519;685;,
3.578000000000003,3.0068612759871138e-15,49.1057712,O3,O,457;478;,
2.7639757536936767e-15,2.7639757536936767e-15,45.1391496,O4,O,458;,
2.9918886707419304e-15,1.7890000000000028,47.07225,O5,O,458;523;,
2.105295200000003,3.0473421963693536e-15,49.7668748,T1,Si,452;454;561,2.26415840e+00;3.14547000e-15;5.13694234e+01;N 3.57800000e+00;3.00686128e-15;4.91057712e+01;N 1.31241040e+00;1.31813520e+00;4.92982444e+01
2.8810402923152317e-15,1.5728888000000028,45.4780698,T2,Si,455;456;555,2.76397575e-15;2.76397575e-15;4.51391496e+01;N 2.99188867e-15;1.78900000e+00;4.70722500e+01;N 1.31241040e+00;2.25986480e+00;4.48462556e+01
3.578000000000003,3.2026044606202218e-15,52.3025,T3,Si,452;475;547,2.26415840e+00;3.14547000e-15;5.13694234e+01;N 4.89184160e+00;3.14547000e-15;5.13694234e+01;N 3.57800000e+00;1.31384160e+00;5.32355766e+01
5.842158400000004,3.5780000000000043,72.2904234,O1,O,465;467;,
4.890410400000004,2.2598648000000034,70.2192444,O2,O,465;513;,
7.156000000000004,3.5780000000000043,70.0267712,O3,O,465;587;,
3.578000000000004,3.578000000000004,66.0601496,O4,O,466;473;,
3.5780000000000043,5.367000000000004,67.99325,O5,O,466;528;,
5.683295200000004,3.5780000000000043,70.6878748,T1,Si,460;461;462;560, 5.8421584; 3.578    ;72.2904234;N  4.8904104; 2.2598648;70.2192444;N  7.156    ; 3.578    ;70.0267712;N  4.8904104; 4.8961352;70.2192444
3.5780000000000043,5.150888800000004,66.39906979999999,T2,Si,463;464;509;554, 3.578    ; 3.578    ;66.0601496;N  3.578    ; 5.367    ;67.99325  ;N  2.2655896; 5.8378648;65.7672556;N  4.8904104; 5.8378648;65.7672556
7.156000000000004,3.5780000000000043,73.2235,T3,Si,460;584;649;655, 5.8421584; 3.578    ;72.2904234;N  8.4698416; 3.578    ;72.2904234;N  7.156    ; 2.2641584;74.1565766;N  7.156    ; 4.8918416;74.1565766
1.3138416000000046,3.5780000000000043,72.2904234,O1,O,472;474;,
2.2655896000000046,4.896135200000004,70.2192444,O2,O,472;528;,
4.506992372602664e-15,3.5780000000000043,70.0267712,O3,O,472;,
3.578000000000004,1.789000000000004,67.99325,O5,O,473;513;,
1.4727048000000045,3.5780000000000043,70.6878748,T1,Si,468;469;470;563,1.31384160e+00;3.57800000e+00;7.22904234e+01;N 2.26558960e+00;4.89613520e+00;7.02192444e+01;N 4.50699237e-15;3.57800000e+00;7.00267712e+01;N 2.26558960e+00;2.25986480e+00;7.02192444e+01
3.578000000000004,2.005111200000004,66.39906979999999,T2,Si,463;471;525;553, 3.578    ; 3.578    ;66.0601496;N  3.578    ; 1.789    ;67.99325  ;N  4.8904104; 1.3181352;65.7672556;N  2.2655896; 1.3181352;65.7672556
4.7027355572357726e-15,3.5780000000000043,73.2235,T3,Si,468;537;543,1.31384160e+00;3.57800000e+00;7.22904234e+01;N 4.67942043e-15;2.26415840e+00;7.41565766e+01;N 4.84031962e-15;4.89184160e+00;7.41565766e+01
4.891841600000003,3.1454699970427575e-15,51.3694234,O1,O,459;478;,
5.843589600000002,1.3181352000000033,49.2982444,O2,O,478;635;,
3.2109779831093922e-15,5.367000000000003,47.07225,O5,O,479;519;,
5.050704800000003,3.0473421963693536e-15,49.7668748,T1,Si,454;475;476,3.57800000e+00;3.00686128e-15;4.91057712e+01;N 4.89184160e+00;3.14547000e-15;5.13694234e+01;N 5.84358960e+00;1.31813520e+00;4.92982444e+01
3.1265955936166827e-15,5.583111200000002,45.4780698,T2,Si,477;521;683,3.21097798e-15;5.36700000e+00;4.70722500e+01;N 1.31241040e+00;4.89613520e+00;4.48462556e+01;N 3.20215438e-15;7.15600000e+00;4.51391496e+01
4.143719918400393e-15,5.842158400000003,61.8299234,O1,O,485;487;,
1.318135200000004,4.890410400000003,59.7587444,O2,O,485;551;,
4.0855607928460815e-15,7.156000000000003,59.5662712,O3,O,485;731;,
3.623585958185182e-15,3.5780000000000034,55.5996496,O4,O,506;,
5.367000000000004,3.5780000000000034,57.53275,O5,O,486;535;,
4.035864552257874e-15,5.683295200000003,60.2273748,T1,Si,480;481;482,4.14371992e-15;5.84215840e+00;6.18299234e+01;N 1.31813520e+00;4.89041040e+00;5.97587444e+01;N 4.08556079e-15;7.15600000e+00;5.95662712e+01
5.583111200000003,3.5780000000000034,55.9385698,T2,Si,484;548;558;597, 5.367    ; 3.578    ;57.53275  ;N  4.8961352; 2.2655896;55.3067556;N  4.8961352; 4.8904104;55.3067556;N  7.156    ; 3.578    ;55.5996496
4.281303977479189e-15,7.156000000000003,62.763,T3,Si,480;728;733,4.14371992e-15;5.84215840e+00;6.18299234e+01;N 4.30461911e-15;8.46984160e+00;6.18299234e+01;N 1.31384160e+00;7.15600000e+00;6.36960766e+01
3.5780000000000047,2.264158400000005,82.7509234,O1,O,493;495;,
4.896135200000005,1.312410400000005,80.67974439999999,O2,O,493;546;,
3.5780000000000047,3.5780000000000047,80.4872712,O3,O,493;499;,
3.5780000000000047,4.6855384300658094e-15,76.5206496,O4,O,494;500;,
1.7890000000000048,4.803906690930333e-15,78.45375,O5,O,494;542;,
3.5780000000000047,2.105295200000005,81.1483748,T1,Si,488;489;490;567, 3.578    ; 2.2641584;82.7509234;N  4.8961352; 1.3124104;80.6797444;N  3.578    ; 3.578    ;80.4872712;N  2.2598648; 1.3124104;80.6797444
2.005111200000005,4.706291306970629e-15,76.8595698,T2,Si,491;492;559,3.57800000e+00;4.68553843e-15;7.65206496e+01;N 1.78900000e+00;4.80390669e-15;7.84537500e+01;N 1.31813520e+00;1.31241040e+00;7.62277556e+01
3.578000000000005,3.578000000000005,83.684,T3,Si,488;496, 3.578    ; 2.2641584;82.7509234;N  3.578    ; 4.8918416;82.7509234
3.578000000000005,4.891841600000005,82.7509234,O1,O,495;499;,
2.2598648000000043,5.843589600000005,80.67974439999999,O2,O,499;766;,
5.367000000000004,4.803906690930333e-15,78.45375,O5,O,500;546;,
3.578000000000005,5.050704800000005,81.1483748,T1,Si,490;496;497;564, 3.578    ; 3.578    ;80.4872712;N  3.578    ; 4.8918416;82.7509234;N  2.2598648; 5.8435896;80.6797444;N  4.8961352; 5.8435896;80.6797444
5.150888800000004,4.706291306970629e-15,76.8595698,T2,Si,491;498;538,3.57800000e+00;4.68553843e-15;7.65206496e+01;N 5.36700000e+00;4.80390669e-15;7.84537500e+01;N 5.83786480e+00;1.31241040e+00;7.62277556e+01
3.866440484668134e-15,1.3138416000000035,61.8299234,O1,O,505;507;,
5.837864800000003,2.2655896000000038,59.7587444,O2,O,535;619;,
3.647382168111159e-15,3.647382168111159e-15,59.5662712,O3,O,505;,
1.7890000000000037,3.5780000000000034,57.53275,O5,O,506;551;,
3.778040249463845e-15,1.4727048000000036,60.2273748,T1,Si,501;503;565,3.86644048e-15;1.31384160e+00;6.18299234e+01;N 3.64738217e-15;3.64738217e-15;5.95662712e+01;N 1.31813520e+00;2.26558960e+00;5.97587444e+01
1.5728888000000034,3.5780000000000034,55.9385698,T2,Si,483;504;531;557,3.62358596e-15;3.57800000e+00;5.55996496e+01;N 1.78900000e+00;3.57800000e+00;5.75327500e+01;N 2.25986480e+00;4.89041040e+00;5.53067556e+01;N 2.25986480e+00;2.26558960e+00;5.53067556e+01
3.843125352744266e-15,3.843125352744266e-15,62.763,T3,Si,501;508,3.86644048e-15;1.31384160e+00;6.18299234e+01;N 1.31384160e+00;3.90025982e-15;6.36960766e+01
1.313841600000004,3.900259816321731e-15,63.6960766,O1,O,507;512;,
2.265589600000004,5.837864800000004,65.7672556,O2,O,466;737;,
4.038868537377375e-15,4.038868537377375e-15,65.9597288,O3,O,512;,
3.5780000000000043,4.281754059670812e-15,69.9263504,O4,O,513;,
1.4727048000000038,3.998387616995135e-15,65.2986252,T1,Si,508;510;553,1.31384160e+00;3.90025982e-15;6.36960766e+01;N 4.03886854e-15;4.03886854e-15;6.59597288e+01;N 2.26558960e+00;1.31813520e+00;6.57672556e+01
3.5780000000000043,1.572888800000004,69.5874302,T2,Si,461;471;511;563,4.89041040e+00;2.25986480e+00;7.02192444e+01;N 3.57800000e+00;1.78900000e+00;6.79932500e+01;N 3.57800000e+00;4.28175406e-15;6.99263504e+01;N 2.26558960e+00;2.25986480e+00;7.02192444e+01
4.891841600000002,3.5780000000000025,42.7750766,O1,O,43;518;,
5.843589600000002,2.2598648000000017,44.8462556,O2,O,518;574;,
3.5780000000000025,3.5780000000000025,45.0387288,O3,O,518;522;,
3.219801587790185e-15,3.578000000000003,49.0053504,O4,O,519;523;,
5.050704800000003,3.5780000000000025,44.3776252,T1,Si,514;515;516;552, 4.8918416; 3.578    ;42.7750766;N  5.8435896; 2.2598648;44.8462556;N  3.578    ; 3.578    ;45.0387288;N  5.8435896; 4.8961352;44.8462556
3.2953603726021018e-15,5.150888800000002,48.6664302,T2,Si,453;477;517,1.31241040e+00;5.83786480e+00;4.92982444e+01;N 3.21097798e-15;5.36700000e+00;4.70722500e+01;N 3.21980159e-15;3.57800000e+00;4.90053504e+01
2.2641584000000026,3.5780000000000025,42.7750766,O1,O,43;522;,
1.312410400000003,4.8961352000000025,44.8462556,O2,O,479;522;,
2.1052952000000027,3.5780000000000025,44.3776252,T1,Si,516;520;521;555, 3.578    ; 3.578    ;45.0387288;N  2.2641584; 3.578    ;42.7750766;N  1.3124104; 4.8961352;44.8462556;N  1.3124104; 2.2598648;44.8462556
3.1027370491686303e-15,2.005111200000003,48.6664302,T2,Si,456;517;561,2.99188867e-15;1.78900000e+00;4.70722500e+01;N 3.21980159e-15;3.57800000e+00;4.90053504e+01;N 1.31241040e+00;1.31813520e+00;4.92982444e+01
5.842158400000003,3.900259816321731e-15,63.6960766,O1,O,527;529;,
4.890410400000004,1.3181352000000042,65.7672556,O2,O,473;527;,
7.156000000000004,4.038868537377375e-15,65.9597288,O3,O,527;624;,
5.683295200000004,3.998387616995135e-15,65.2986252,T1,Si,524;525;526,5.84215840e+00;3.90025982e-15;6.36960766e+01;N 4.89041040e+00;1.31813520e+00;6.57672556e+01;N 7.15600000e+00;4.03886854e-15;6.59597288e+01
3.5780000000000047,5.583111200000004,69.5874302,T2,Si,464;469;560;736, 3.578    ; 5.367    ;67.99325  ;N  2.2655896; 4.8961352;70.2192444;N  4.8904104; 4.8961352;70.2192444;N  3.578    ; 7.156    ;69.9263504
7.156000000000003,3.843125352744266e-15,62.763,T3,Si,524;615;621,5.84215840e+00;3.90025982e-15;6.36960766e+01;N 7.15600000e+00;1.31384160e+00;6.18299234e+01;N 8.46984160e+00;3.90025982e-15;6.36960766e+01
3.5780000000000034,5.842158400000003,53.2355766,O1,O,534;536;,
2.259864800000003,4.890410400000003,55.3067556,O2,O,506;534;,
3.578000000000004,7.156000000000003,55.4992288,O3,O,534;773;,
3.5780000000000034,3.5780000000000034,59.4658504,O4,O,535;551;,
3.578000000000004,5.683295200000003,54.8381252,T1,Si,530;531;532;558, 3.578    ; 5.8421584;53.2355766;N  2.2598648; 4.8904104;55.3067556;N  3.578    ; 7.156    ;55.4992288;N  4.8961352; 4.8904104;55.3067556
5.150888800000003,3.5780000000000034,59.1269302,T2,Si,484;502;533;566, 5.367    ; 3.578    ;57.53275  ;N  5.8378648; 2.2655896;59.7587444;N  3.578    ; 3.578    ;59.4658504;N  5.8378648; 4.8904104;59.7587444
3.5780000000000034,7.156000000000003,52.3025,T3,Si,530;680;702;771, 3.578    ; 5.8421584;53.2355766;N  2.2641584; 7.156    ;51.3694234;N  4.8918416; 7.156    ;51.3694234;N  3.578    ; 8.4698416;53.2355766
4.679420425311905e-15,2.2641584000000043,74.1565766,O1,O,474;541;,
5.837864800000004,1.3124104000000048,76.2277556,O2,O,500;653;,
4.89847874186888e-15,3.5780000000000047,76.4202288,O3,O,541;545;,
4.922274951794857e-15,4.922274951794857e-15,80.3868504,O4,O,542;,
4.767820660516194e-15,2.1052952000000045,75.7591252,T1,Si,537;539;559,4.67942043e-15;2.26415840e+00;7.41565766e+01;N 4.89847874e-15;3.57800000e+00;7.64202288e+01;N 1.31813520e+00;1.31241040e+00;7.62277556e+01
1.5728888000000047,4.901522074890037e-15,80.0479302,T2,Si,492;540;567,1.78900000e+00;4.80390669e-15;7.84537500e+01;N 4.92227495e-15;4.92227495e-15;8.03868504e+01;N 2.25986480e+00;1.31241040e+00;8.06797444e+01
4.840319616314569e-15,4.891841600000004,74.1565766,O1,O,474;545;,
1.3181352000000053,5.843589600000004,76.2277556,O2,O,545;721;,
4.948174982457088e-15,5.0507048000000045,75.7591252,T1,Si,539;543;544,4.89847874e-15;3.57800000e+00;7.64202288e+01;N 4.84031962e-15;4.89184160e+00;7.41565766e+01;N 1.31813520e+00;5.84358960e+00;7.62277556e+01
5.583111200000005,4.901522074890037e-15,80.0479302,T2,Si,489;498;652,4.89613520e+00;1.31241040e+00;8.06797444e+01;N 5.36700000e+00;4.80390669e-15;7.84537500e+01;N 7.15600000e+00;4.92227495e-15;8.03868504e+01
3.578000000000003,1.3138416000000033,53.2355766,O1,O,459;550;,
4.896135200000003,2.2655896000000038,55.3067556,O2,O,486;550;,
3.5780000000000034,3.39834764525333e-15,55.4992288,O3,O,550;,
3.5780000000000034,1.4727048000000031,54.8381252,T1,Si,547;548;549;557,3.57800000e+00;1.31384160e+00;5.32355766e+01;N 4.89613520e+00;2.26558960e+00;5.53067556e+01;N 3.57800000e+00;3.39834765e-15;5.54992288e+01;N 2.25986480e+00;2.26558960e+00;5.53067556e+01
2.0051112000000035,3.5780000000000034,59.1269302,T2,Si,481;504;533;565, 1.3181352; 4.8904104;59.7587444;N  1.789    ; 3.578    ;57.53275  ;N  3.578    ; 3.578    ;59.4658504;N  1.3181352; 2.2655896;59.7587444
5.843589600000002,4.8961352000000025,44.8462556,O2,O,518;593;,
2.265589600000004,1.3181352000000042,65.7672556,O2,O,473;512;,
4.890410400000004,5.837864800000004,65.7672556,O2,O,466;752;,
1.312410400000003,2.2598648000000017,44.8462556,O2,O,458;522;,
5.837864800000004,5.843589600000004,76.2277556,O2,O,657;727;,
2.2598648000000026,2.2655896000000038,55.3067556,O2,O,506;550;,
4.896135200000003,4.890410400000003,55.3067556,O2,O,486;534;,
1.3181352000000048,1.3124104000000048,76.2277556,O2,O,494;541;,
4.890410400000004,4.896135200000004,70.2192444,O2,O,465;528;,
1.3124104000000032,1.3181352000000033,49.2982444,O2,O,457;523;,
5.843589600000002,5.837864800000002,49.2982444,O2,O,631;705;,
2.265589600000004,2.2598648000000034,70.2192444,O2,O,472;513;,
4.896135200000005,5.843589600000005,80.67974439999999,O2,O,499;770;,
1.318135200000004,2.2655896000000038,59.7587444,O2,O,505;551;,
5.837864800000003,4.890410400000003,59.7587444,O2,O,535;599;,
2.259864800000004,1.312410400000005,80.67974439999999,O2,O,493;542;,
9.420158400000004,3.1454699970427575e-15,51.3694234,O1,O,573;575;,
8.468410400000003,5.837864800000002,49.2982444,O2,O,631;796;,
10.734000000000004,3.0068612759871138e-15,49.1057712,O3,O,573;592;,
7.156000000000002,2.7639757536936767e-15,45.1391496,O4,O,574;,
7.156000000000002,1.7890000000000028,47.07225,O5,O,574;635;,
9.261295200000005,3.0473421963693536e-15,49.7668748,T1,Si,568;570;673,9.42015840e+00;3.14547000e-15;5.13694234e+01;N 1.07340000e+01;3.00686128e-15;4.91057712e+01;N 8.46841040e+00;1.31813520e+00;4.92982444e+01
7.156000000000002,1.5728888000000028,45.4780698,T2,Si,515;571;572;667,5.84358960e+00;2.25986480e+00;4.48462556e+01;N 7.15600000e+00;2.76397575e-15;4.51391496e+01;N 7.15600000e+00;1.78900000e+00;4.70722500e+01;N 8.46841040e+00;2.25986480e+00;4.48462556e+01
10.734000000000004,3.2026044606202218e-15,52.3025,T3,Si,568;589;659,9.42015840e+00;3.14547000e-15;5.13694234e+01;N 1.20478416e+01;3.14547000e-15;5.13694234e+01;N 1.07340000e+01;1.31384160e+00;5.32355766e+01
12.998158400000005,3.5780000000000043,72.2904234,O1,O,581;583;,
12.046410400000005,2.2598648000000034,70.2192444,O2,O,581;625;,
14.312000000000005,3.5780000000000043,70.0267712,O3,O,581;,
10.734000000000004,3.578000000000004,66.0601496,O4,O,582;588;,
10.734000000000004,5.367000000000004,67.99325,O5,O,582;640;,
12.839295200000002,3.5780000000000043,70.6878748,T1,Si,576;577;578;672,12.9981584; 3.578    ;72.2904234;N 12.0464104; 2.2598648;70.2192444;N 14.312    ; 3.578    ;70.0267712;N 12.0464104; 4.8961352;70.2192444
10.734000000000004,5.150888800000004,66.39906979999999,T2,Si,579;580;622;666,10.734    ; 3.578    ;66.0601496;N 10.734    ; 5.367    ;67.99325  ;N  9.4215896; 5.8378648;65.7672556;N 12.0464104; 5.8378648;65.7672556
14.312000000000005,3.5780000000000043,73.2235,T3,Si,576,12.9981584; 3.578    ;72.2904234
8.469841600000002,3.5780000000000043,72.2904234,O1,O,467;587;,
9.421589600000004,4.896135200000004,70.2192444,O2,O,587;640;,
10.734000000000004,1.789000000000004,67.99325,O5,O,588;625;,
8.628704800000003,3.5780000000000043,70.6878748,T1,Si,462;584;585;675, 7.156    ; 3.578    ;70.0267712;N  8.4698416; 3.578    ;72.2904234;N  9.4215896; 4.8961352;70.2192444;N  9.4215896; 2.2598648;70.2192444
10.734000000000004,2.005111200000004,66.39906979999999,T2,Si,579;586;637;665,10.734    ; 3.578    ;66.0601496;N 10.734    ; 1.789    ;67.99325  ;N 12.0464104; 1.3181352;65.7672556;N  9.4215896; 1.3181352;65.7672556
12.047841600000003,3.1454699970427575e-15,51.3694234,O1,O,575;592;,
12.999589600000004,1.3181352000000033,49.2982444,O2,O,592;,
7.156000000000002,5.367000000000003,47.07225,O5,O,593;631;,
12.206704800000002,3.0473421963693536e-15,49.7668748,T1,Si,570;589;590,1.07340000e+01;3.00686128e-15;4.91057712e+01;N 1.20478416e+01;3.14547000e-15;5.13694234e+01;N 1.29995896e+01;1.31813520e+00;4.92982444e+01
7.156000000000002,5.583111200000002,45.4780698,T2,Si,552;591;633;794, 5.8435896; 4.8961352;44.8462556;N  7.156    ; 5.367    ;47.07225  ;N  8.4684104; 4.8961352;44.8462556;N  7.156    ; 7.156    ;45.1391496
7.156000000000003,5.842158400000003,61.8299234,O1,O,599;601;,
8.474135200000005,4.890410400000003,59.7587444,O2,O,599;663;,
7.156000000000003,7.156000000000003,59.5662712,O3,O,599;840;,
7.156000000000003,3.5780000000000034,55.5996496,O4,O,486;620;,
12.523000000000003,3.5780000000000034,57.53275,O5,O,600;647;,
7.156000000000003,5.683295200000003,60.2273748,T1,Si,566;594;595;596, 5.8378648; 4.8904104;59.7587444;N  7.156    ; 5.8421584;61.8299234;N  8.4741352; 4.8904104;59.7587444;N  7.156    ; 7.156    ;59.5662712
12.739111200000004,3.5780000000000034,55.9385698,T2,Si,598;660;670,12.523    ; 3.578    ;57.53275  ;N 12.0521352; 2.2655896;55.3067556;N 12.0521352; 4.8904104;55.3067556
7.156000000000003,7.156000000000003,62.763,T3,Si,594;749;837;842, 7.156    ; 5.8421584;61.8299234;N  5.8421584; 7.156    ;63.6960766;N  7.156    ; 8.4698416;61.8299234;N  8.4698416; 7.156    ;63.6960766
10.734000000000004,2.264158400000005,82.7509234,O1,O,607;609;,
12.052135200000006,1.312410400000005,80.67974439999999,O2,O,607;658;,
10.734000000000004,3.5780000000000047,80.4872712,O3,O,607;613;,
10.734000000000004,4.6855384300658094e-15,76.5206496,O4,O,608;614;,
8.945000000000006,4.803906690930333e-15,78.45375,O5,O,608;654;,
10.734000000000004,2.105295200000005,81.1483748,T1,Si,602;603;604;679,10.734    ; 2.2641584;82.7509234;N 12.0521352; 1.3124104;80.6797444;N 10.734    ; 3.578    ;80.4872712;N  9.4158648; 1.3124104;80.6797444
9.161111200000004,4.706291306970629e-15,76.8595698,T2,Si,605;606;671,1.07340000e+01;4.68553843e-15;7.65206496e+01;N 8.94500000e+00;4.80390669e-15;7.84537500e+01;N 8.47413520e+00;1.31241040e+00;7.62277556e+01
10.734000000000004,3.578000000000005,83.684,T3,Si,602;610,10.734    ; 2.2641584;82.7509234;N 10.734    ; 4.8918416;82.7509234
10.734000000000004,4.891841600000005,82.7509234,O1,O,609;613;,
9.415864800000003,5.843589600000005,80.67974439999999,O2,O,613;875;,
12.523000000000003,4.803906690930333e-15,78.45375,O5,O,614;658;,
10.734000000000004,5.050704800000005,81.1483748,T1,Si,604;610;611;676,10.734    ; 3.578    ;80.4872712;N 10.734    ; 4.8918416;82.7509234;N  9.4158648; 5.8435896;80.6797444;N 12.0521352; 5.8435896;80.6797444
12.306888800000005,4.706291306970629e-15,76.8595698,T2,Si,605;612;650,1.07340000e+01;4.68553843e-15;7.65206496e+01;N 1.25230000e+01;4.80390669e-15;7.84537500e+01;N 1.29938648e+01;1.31241040e+00;7.62277556e+01
7.156000000000003,1.3138416000000035,61.8299234,O1,O,529;619;,
12.993864800000004,2.2655896000000038,59.7587444,O2,O,647;,
7.156000000000003,3.647382168111159e-15,59.5662712,O3,O,619;,
8.945000000000004,3.5780000000000034,57.53275,O5,O,620;663;,
7.156000000000003,1.4727048000000036,60.2273748,T1,Si,502;615;617;677,5.83786480e+00;2.26558960e+00;5.97587444e+01;N 7.15600000e+00;1.31384160e+00;6.18299234e+01;N 7.15600000e+00;3.64738217e-15;5.95662712e+01;N 8.47413520e+00;2.26558960e+00;5.97587444e+01
8.728888800000004,3.5780000000000034,55.9385698,T2,Si,597;618;643;669, 7.156    ; 3.578    ;55.5996496;N  8.945    ; 3.578    ;57.53275  ;N  9.4158648; 4.8904104;55.3067556;N  9.4158648; 2.2655896;55.3067556
8.469841600000002,3.900259816321731e-15,63.6960766,O1,O,529;624;,
9.421589600000004,5.837864800000004,65.7672556,O2,O,582;845;,
10.734000000000004,4.281754059670812e-15,69.9263504,O4,O,625;,
8.628704800000003,3.998387616995135e-15,65.2986252,T1,Si,526;621;665,7.15600000e+00;4.03886854e-15;6.59597288e+01;N 8.46984160e+00;3.90025982e-15;6.36960766e+01;N 9.42158960e+00;1.31813520e+00;6.57672556e+01
10.734000000000004,1.572888800000004,69.5874302,T2,Si,577;586;623;675,1.20464104e+01;2.25986480e+00;7.02192444e+01;N 1.07340000e+01;1.78900000e+00;6.79932500e+01;N 1.07340000e+01;4.28175406e-15;6.99263504e+01;N 9.42158960e+00;2.25986480e+00;7.02192444e+01
12.047841600000002,3.5780000000000025,42.7750766,O1,O,158;630;,
12.999589600000004,2.2598648000000017,44.8462556,O2,O,630;,
10.734000000000004,3.5780000000000025,45.0387288,O3,O,630;634;,
7.156000000000002,3.578000000000003,49.0053504,O4,O,631;635;,
12.206704800000002,3.5780000000000025,44.3776252,T1,Si,626;627;628;664,12.0478416; 3.578    ;42.7750766;N 12.9995896; 2.2598648;44.8462556;N 10.734    ; 3.578    ;45.0387288;N 12.9995896; 4.8961352;44.8462556
7.156000000000002,5.150888800000002,48.6664302,T2,Si,562;569;591;629, 5.8435896; 5.8378648;49.2982444;N  8.4684104; 5.8378648;49.2982444;N  7.156    ; 5.367    ;47.07225  ;N  7.156    ; 3.578    ;49.0053504
9.420158400000002,3.5780000000000025,42.7750766,O1,O,158;634;,
8.468410400000003,4.8961352000000025,44.8462556,O2,O,593;634;,
9.261295200000005,3.5780000000000025,44.3776252,T1,Si,628;632;633;667,10.734    ; 3.578    ;45.0387288;N  9.4201584; 3.578    ;42.7750766;N  8.4684104; 4.8961352;44.8462556;N  8.4684104; 2.2598648;44.8462556
7.156000000000002,2.005111200000003,48.6664302,T2,Si,476;572;629;673, 5.8435896; 1.3181352;49.2982444;N  7.156    ; 1.789    ;47.07225  ;N  7.156    ; 3.578    ;49.0053504;N  8.4684104; 1.3181352;49.2982444
12.998158400000005,3.900259816321731e-15,63.6960766,O1,O,639;641;,
12.046410400000005,1.3181352000000042,65.7672556,O2,O,588;639;,
14.312000000000005,4.038868537377375e-15,65.9597288,O3,O,639;,
12.839295200000002,3.998387616995135e-15,65.2986252,T1,Si,636;637;638,1.29981584e+01;3.90025982e-15;6.36960766e+01;N 1.20464104e+01;1.31813520e+00;6.57672556e+01;N 1.43120000e+01;4.03886854e-15;6.59597288e+01
10.734000000000004,5.583111200000004,69.5874302,T2,Si,580;585;672;844,10.734    ; 5.367    ;67.99325  ;N  9.4215896; 4.8961352;70.2192444;N 12.0464104; 4.8961352;70.2192444;N 10.734    ; 7.156    ;69.9263504
14.312000000000005,3.843125352744266e-15,62.763,T3,Si,636,1.29981584e+01;3.90025982e-15;6.36960766e+01
10.734000000000004,5.842158400000003,53.2355766,O1,O,646;648;,
9.4158648,4.890410400000003,55.3067556,O2,O,620;646;,
10.734000000000004,7.156000000000003,55.4992288,O3,O,646;882;,
10.734000000000004,3.5780000000000034,59.4658504,O4,O,647;663;,
10.734000000000004,5.683295200000003,54.8381252,T1,Si,642;643;644;670,10.734    ; 5.8421584;53.2355766;N  9.4158648; 4.8904104;55.3067556;N 10.734    ; 7.156    ;55.4992288;N 12.0521352; 4.8904104;55.3067556
12.306888800000005,3.5780000000000034,59.1269302,T2,Si,598;616;645;678,12.523    ; 3.578    ;57.53275  ;N 12.9938648; 2.2655896;59.7587444;N 10.734    ; 3.578    ;59.4658504;N 12.9938648; 4.8904104;59.7587444
10.734000000000004,7.156000000000003,52.3025,T3,Si,642;791;811;880,10.734    ; 5.8421584;53.2355766;N  9.4201584; 7.156    ;51.3694234;N 12.0478416; 7.156    ;51.3694234;N 10.734    ; 8.4698416;53.2355766
7.156000000000004,2.2641584000000043,74.1565766,O1,O,467;653;,
12.993864800000004,1.3124104000000048,76.2277556,O2,O,614;,
7.156000000000004,3.5780000000000047,76.4202288,O3,O,653;657;,
7.156000000000005,4.922274951794857e-15,80.3868504,O4,O,546;654;,
7.156000000000004,2.1052952000000045,75.7591252,T1,Si,538;649;651;671, 5.8378648; 1.3124104;76.2277556;N  7.156    ; 2.2641584;74.1565766;N  7.156    ; 3.578    ;76.4202288;N  8.4741352; 1.3124104;76.2277556
8.728888800000005,4.901522074890037e-15,80.0479302,T2,Si,606;652;679,8.94500000e+00;4.80390669e-15;7.84537500e+01;N 7.15600000e+00;4.92227495e-15;8.03868504e+01;N 9.41586480e+00;1.31241040e+00;8.06797444e+01
7.156000000000004,4.891841600000004,74.1565766,O1,O,467;657;,
8.474135200000006,5.843589600000004,76.2277556,O2,O,657;830;,
7.156000000000004,5.0507048000000045,75.7591252,T1,Si,556;651;655;656, 5.8378648; 5.8435896;76.2277556;N  7.156    ; 3.578    ;76.4202288;N  7.156    ; 4.8918416;74.1565766;N  8.4741352; 5.8435896;76.2277556
12.739111200000004,4.901522074890037e-15,80.0479302,T2,Si,603;612,1.20521352e+01;1.31241040e+00;8.06797444e+01;N 1.25230000e+01;4.80390669e-15;7.84537500e+01
10.734000000000004,1.3138416000000033,53.2355766,O1,O,575;662;,
12.052135200000004,2.2655896000000038,55.3067556,O2,O,600;662;,
10.734000000000004,3.39834764525333e-15,55.4992288,O3,O,662;,
10.734000000000004,1.4727048000000031,54.8381252,T1,Si,659;660;661;669,1.07340000e+01;1.31384160e+00;5.32355766e+01;N 1.20521352e+01;2.26558960e+00;5.53067556e+01;N 1.07340000e+01;3.39834765e-15;5.54992288e+01;N 9.41586480e+00;2.26558960e+00;5.53067556e+01
9.161111200000002,3.5780000000000034,59.1269302,T2,Si,595;618;645;677, 8.4741352; 4.8904104;59.7587444;N  8.945    ; 3.578    ;57.53275  ;N 10.734    ; 3.578    ;59.4658504;N  8.4741352; 2.2655896;59.7587444
12.999589600000004,4.8961352000000025,44.8462556,O2,O,630;,
9.421589600000004,1.3181352000000042,65.7672556,O2,O,588;624;,
12.046410400000005,5.837864800000004,65.7672556,O2,O,582;860;,
8.468410400000003,2.2598648000000017,44.8462556,O2,O,574;634;,
12.993864800000004,5.843589600000004,76.2277556,O2,O,836;,
9.4158648,2.2655896000000038,55.3067556,O2,O,620;662;,
12.052135200000004,4.890410400000003,55.3067556,O2,O,600;646;,
8.474135200000006,1.3124104000000048,76.2277556,O2,O,608;653;,
12.046410400000005,4.896135200000004,70.2192444,O2,O,581;640;,
8.468410400000003,1.3181352000000033,49.2982444,O2,O,573;635;,
12.999589600000004,5.837864800000002,49.2982444,O2,O,814;,
9.421589600000004,2.2598648000000034,70.2192444,O2,O,587;625;,
12.052135200000006,5.843589600000005,80.67974439999999,O2,O,613;879;,
8.474135200000005,2.2655896000000038,59.7587444,O2,O,619;663;,
12.993864800000004,4.890410400000003,59.7587444,O2,O,647;,
9.415864800000003,1.312410400000005,80.67974439999999,O2,O,607;654;,
2.2641584000000035,7.156000000000003,51.3694234,O1,O,536;685;,
1.312410400000004,12.993864800000004,49.2982444,O2,O,744;,
3.5780000000000034,7.156000000000002,49.1057712,O3,O,685;705;,
3.2021543784286e-15,7.156000000000002,45.1391496,O4,O,479;686;,
3.4300672954768536e-15,8.945000000000004,47.07225,O5,O,686;748;,
2.105295200000004,7.156000000000002,49.7668748,T1,Si,453;680;682;784, 1.3124104; 5.8378648;49.2982444;N  2.2641584; 7.156    ;51.3694234;N  3.578    ; 7.156    ;49.1057712;N  1.3124104; 8.4741352;49.2982444
3.3192189170501546e-15,8.728888800000004,45.4780698,T2,Si,683;684;778,3.20215438e-15;7.15600000e+00;4.51391496e+01;N 3.43006730e-15;8.94500000e+00;4.70722500e+01;N 1.31241040e+00;9.41586480e+00;4.48462556e+01
5.842158400000005,10.734000000000004,72.2904234,O1,O,692;694;,
4.890410400000005,9.4158648,70.2192444,O2,O,692;738;,
7.156000000000005,10.734000000000004,70.0267712,O3,O,692;809;,
3.5780000000000043,10.734000000000004,66.0601496,O4,O,693;700;,
3.5780000000000047,12.523000000000003,67.99325,O5,O,693;753;,
5.683295200000005,10.734000000000004,70.6878748,T1,Si,687;688;689;783, 5.8421584;10.734    ;72.2904234;N  4.8904104; 9.4158648;70.2192444;N  7.156    ;10.734    ;70.0267712;N  4.8904104;12.0521352;70.2192444
3.5780000000000047,12.306888800000005,66.39906979999999,T2,Si,690;691;734;777, 3.578    ;10.734    ;66.0601496;N  3.578    ;12.523    ;67.99325  ;N  2.2655896;12.9938648;65.7672556;N  4.8904104;12.9938648;65.7672556
7.156000000000005,10.734000000000004,73.2235,T3,Si,687;806;870;876, 5.8421584;10.734    ;72.2904234;N  8.4698416;10.734    ;72.2904234;N  7.156    ; 9.4201584;74.1565766;N  7.156    ;12.0478416;74.1565766
1.313841600000005,10.734000000000004,72.2904234,O1,O,699;701;,
2.265589600000005,12.052135200000004,70.2192444,O2,O,699;753;,
4.945170997337587e-15,10.734000000000004,70.0267712,O3,O,699;,
3.5780000000000043,8.945000000000004,67.99325,O5,O,700;738;,
1.4727048000000047,10.734000000000004,70.6878748,T1,Si,695;696;697;786,1.31384160e+00;1.07340000e+01;7.22904234e+01;N 2.26558960e+00;1.20521352e+01;7.02192444e+01;N 4.94517100e-15;1.07340000e+01;7.00267712e+01;N 2.26558960e+00;9.41586480e+00;7.02192444e+01
3.5780000000000043,9.161111200000002,66.39906979999999,T2,Si,690;698;750;776, 3.578    ;10.734    ;66.0601496;N  3.578    ; 8.945    ;67.99325  ;N  4.8904104; 8.4741352;65.7672556;N  2.2655896; 8.4741352;65.7672556
5.140914181970696e-15,10.734000000000004,73.2235,T3,Si,695;761;767,1.31384160e+00;1.07340000e+01;7.22904234e+01;N 5.11759905e-15;9.42015840e+00;7.41565766e+01;N 5.27849824e-15;1.20478416e+01;7.41565766e+01
4.891841600000003,7.156000000000003,51.3694234,O1,O,536;705;,
5.843589600000003,8.474135200000005,49.2982444,O2,O,705;856;,
3.6491566078443154e-15,12.523000000000003,47.07225,O5,O,706;744;,
5.050704800000003,7.156000000000002,49.7668748,T1,Si,562;682;702;703, 5.8435896; 5.8378648;49.2982444;N  3.578    ; 7.156    ;49.1057712;N  4.8918416; 7.156    ;51.3694234;N  5.8435896; 8.4741352;49.2982444
3.5647742183516055e-15,12.739111200000004,45.4780698,T2,Si,704;746,3.64915661e-15;1.25230000e+01;4.70722500e+01;N 1.31241040e+00;1.20521352e+01;4.48462556e+01
4.581898543135316e-15,12.998158400000005,61.8299234,O1,O,712;714;,
1.3181352000000044,12.046410400000005,59.7587444,O2,O,712;774;,
4.5237394175810035e-15,14.312000000000005,59.5662712,O3,O,712;,
4.061764582920105e-15,10.734000000000004,55.5996496,O4,O,732;,
5.367000000000004,10.734000000000004,57.53275,O5,O,713;759;,
4.4740431769927966e-15,12.839295200000002,60.2273748,T1,Si,707;708;709,4.58189854e-15;1.29981584e+01;6.18299234e+01;N 1.31813520e+00;1.20464104e+01;5.97587444e+01;N 4.52373942e-15;1.43120000e+01;5.95662712e+01
5.583111200000004,10.734000000000004,55.9385698,T2,Si,711;772;781;819, 5.367    ;10.734    ;57.53275  ;N  4.8961352; 9.4215896;55.3067556;N  4.8961352;12.0464104;55.3067556;N  7.156    ;10.734    ;55.5996496
4.719482602214113e-15,14.312000000000005,62.763,T3,Si,707,4.58189854e-15;1.29981584e+01;6.18299234e+01
3.578000000000005,9.420158400000004,82.7509234,O1,O,720;722;,
4.896135200000006,8.468410400000005,80.67974439999999,O2,O,720;770;,
3.578000000000005,10.734000000000004,80.4872712,O3,O,720;726;,
3.578000000000005,7.156000000000004,76.5206496,O4,O,721;727;,
1.7890000000000053,7.156000000000004,78.45375,O5,O,721;766;,
3.578000000000005,9.261295200000005,81.1483748,T1,Si,715;716;717;790, 3.578    ; 9.4201584;82.7509234;N  4.8961352; 8.4684104;80.6797444;N  3.578    ;10.734    ;80.4872712;N  2.2598648; 8.4684104;80.6797444
2.0051112000000053,7.156000000000004,76.8595698,T2,Si,544;718;719;782, 1.3181352; 5.8435896;76.2277556;N  3.578    ; 7.156    ;76.5206496;N  1.789    ; 7.156    ;78.45375  ;N  1.3181352; 8.4684104;76.2277556
3.5780000000000056,10.734000000000004,83.684,T3,Si,715;723, 3.578    ; 9.4201584;82.7509234;N  3.578    ;12.0478416;82.7509234
3.5780000000000056,12.047841600000003,82.7509234,O1,O,722;726;,
2.259864800000005,12.999589600000006,80.67974439999999,O2,O,726;,
5.367000000000004,7.156000000000004,78.45375,O5,O,727;770;,
3.5780000000000056,12.206704800000004,81.1483748,T1,Si,717;723;724;787, 3.578    ;10.734    ;80.4872712;N  3.578    ;12.0478416;82.7509234;N  2.2598648;12.9995896;80.6797444;N  4.8961352;12.9995896;80.6797444
5.150888800000004,7.156000000000004,76.8595698,T2,Si,556;718;725;762, 5.8378648; 5.8435896;76.2277556;N  3.578    ; 7.156    ;76.5206496;N  5.367    ; 7.156    ;78.45375  ;N  5.8378648; 8.4684104;76.2277556
4.304619109403057e-15,8.469841600000002,61.8299234,O1,O,487;731;,
5.837864800000004,9.421589600000004,59.7587444,O2,O,759;840;,
1.789000000000004,10.734000000000004,57.53275,O5,O,732;774;,
4.216218874198768e-15,8.628704800000003,60.2273748,T1,Si,482;728;788,4.08556079e-15;7.15600000e+00;5.95662712e+01;N 4.30461911e-15;8.46984160e+00;6.18299234e+01;N 1.31813520e+00;9.42158960e+00;5.97587444e+01
1.572888800000004,10.734000000000004,55.9385698,T2,Si,710;730;755;780,4.06176458e-15;1.07340000e+01;5.55996496e+01;N 1.78900000e+00;1.07340000e+01;5.75327500e+01;N 2.25986480e+00;1.20464104e+01;5.53067556e+01;N 2.25986480e+00;9.42158960e+00;5.53067556e+01
1.3138416000000044,7.156000000000003,63.6960766,O1,O,487;737;,
2.2655896000000046,12.993864800000004,65.7672556,O2,O,693;,
4.4770471621122975e-15,7.156000000000004,65.9597288,O3,O,737;,
3.5780000000000047,7.156000000000004,69.9263504,O4,O,528;738;,
1.4727048000000045,7.156000000000004,65.2986252,T1,Si,509;733;735;776,2.26558960e+00;5.83786480e+00;6.57672556e+01;N 1.31384160e+00;7.15600000e+00;6.36960766e+01;N 4.47704716e-15;7.15600000e+00;6.59597288e+01;N 2.26558960e+00;8.47413520e+00;6.57672556e+01
3.5780000000000047,8.728888800000004,69.5874302,T2,Si,688;698;736;786, 4.8904104; 9.4158648;70.2192444;N  3.578    ; 8.945    ;67.99325  ;N  3.578    ; 7.156    ;69.9263504;N  2.2655896; 9.4158648;70.2192444
4.891841600000003,10.734000000000002,42.7750766,O1,O,272;743;,
5.843589600000003,9.4158648,44.8462556,O2,O,743;797;,
3.578000000000003,10.734000000000004,45.0387288,O3,O,743;747;,
3.657980212525108e-15,10.734000000000004,49.0053504,O4,O,744;748;,
5.050704800000004,10.734000000000004,44.3776252,T1,Si,739;740;741;775, 4.8918416;10.734    ;42.7750766;N  5.8435896; 9.4158648;44.8462556;N  3.578    ;10.734    ;45.0387288;N  5.8435896;12.0521352;44.8462556
3.7335389973370246e-15,12.306888800000005,48.6664302,T2,Si,681;704;742,1.31241040e+00;1.29938648e+01;4.92982444e+01;N 3.64915661e-15;1.25230000e+01;4.70722500e+01;N 3.65798021e-15;1.07340000e+01;4.90053504e+01
2.264158400000003,10.734000000000002,42.7750766,O1,O,272;747;,
1.3124104000000034,12.052135200000004,44.8462556,O2,O,706;747;,
2.105295200000003,10.734000000000004,44.3776252,T1,Si,741;745;746;778, 3.578    ;10.734    ;45.0387288;N  2.2641584;10.734    ;42.7750766;N  1.3124104;12.0521352;44.8462556;N  1.3124104; 9.4158648;44.8462556
3.540915673903553e-15,9.161111200000002,48.6664302,T2,Si,684;742;784,3.43006730e-15;8.94500000e+00;4.70722500e+01;N 3.65798021e-15;1.07340000e+01;4.90053504e+01;N 1.31241040e+00;8.47413520e+00;4.92982444e+01
5.842158400000003,7.156000000000003,63.6960766,O1,O,601;752;,
4.890410400000005,8.474135200000005,65.7672556,O2,O,700;752;,
7.156000000000004,7.156000000000004,65.9597288,O3,O,752;845;,
5.683295200000004,7.156000000000004,65.2986252,T1,Si,554;749;750;751, 4.8904104; 5.8378648;65.7672556;N  5.8421584; 7.156    ;63.6960766;N  4.8904104; 8.4741352;65.7672556;N  7.156    ; 7.156    ;65.9597288
3.578000000000005,12.739111200000004,69.5874302,T2,Si,691;696;783, 3.578    ;12.523    ;67.99325  ;N  2.2655896;12.0521352;70.2192444;N  4.8904104;12.0521352;70.2192444
3.578000000000004,12.998158400000005,53.2355766,O1,O,758;760;,
2.2598648000000034,12.046410400000005,55.3067556,O2,O,732;758;,
3.5780000000000043,14.312000000000005,55.4992288,O3,O,758;,
3.578000000000004,10.734000000000004,59.4658504,O4,O,759;774;,
3.5780000000000043,12.839295200000002,54.8381252,T1,Si,754;755;756;781, 3.578    ;12.9981584;53.2355766;N  2.2598648;12.0464104;55.3067556;N  3.578    ;14.312    ;55.4992288;N  4.8961352;12.0464104;55.3067556
5.150888800000004,10.734000000000004,59.1269302,T2,Si,711;729;757;789, 5.367    ;10.734    ;57.53275  ;N  5.8378648; 9.4215896;59.7587444;N  3.578    ;10.734    ;59.4658504;N  5.8378648;12.0464104;59.7587444
3.578000000000004,14.312000000000005,52.3025,T3,Si,754, 3.578    ;12.9981584;53.2355766
5.117599050046828e-15,9.420158400000004,74.1565766,O1,O,701;765;,
5.837864800000005,8.468410400000005,76.2277556,O2,O,727;874;,
5.336657366603803e-15,10.734000000000004,76.4202288,O3,O,765;769;,
5.36045357652978e-15,7.156000000000005,80.3868504,O4,O,766;,
5.205999285251117e-15,9.261295200000005,75.7591252,T1,Si,761;763;782,5.11759905e-15;9.42015840e+00;7.41565766e+01;N 5.33665737e-15;1.07340000e+01;7.64202288e+01;N 1.31813520e+00;8.46841040e+00;7.62277556e+01
1.5728888000000052,7.156000000000005,80.0479302,T2,Si,497;719;764;790,2.25986480e+00;5.84358960e+00;8.06797444e+01;N 1.78900000e+00;7.15600000e+00;7.84537500e+01;N 5.36045358e-15;7.15600000e+00;8.03868504e+01;N 2.25986480e+00;8.46841040e+00;8.06797444e+01
5.278498241049492e-15,12.047841600000003,74.1565766,O1,O,701;769;,
1.3181352000000055,12.999589600000006,76.2277556,O2,O,769;,
5.386353607192011e-15,12.206704800000004,75.7591252,T1,Si,763;767;768,5.33665737e-15;1.07340000e+01;7.64202288e+01;N 5.27849824e-15;1.20478416e+01;7.41565766e+01;N 1.31813520e+00;1.29995896e+01;7.62277556e+01
5.583111200000005,7.156000000000005,80.0479302,T2,Si,564;716;725;873, 4.8961352; 5.8435896;80.6797444;N  4.8961352; 8.4684104;80.6797444;N  5.367    ; 7.156    ;78.45375  ;N  7.156    ; 7.156    ;80.3868504
3.5780000000000034,8.469841600000002,53.2355766,O1,O,536;773;,
4.896135200000004,9.421589600000004,55.3067556,O2,O,713;773;,
3.578000000000004,8.628704800000003,54.8381252,T1,Si,532;771;772;780, 3.578    ; 7.156    ;55.4992288;N  3.578    ; 8.4698416;53.2355766;N  4.8961352; 9.4215896;55.3067556;N  2.2598648; 9.4215896;55.3067556
2.005111200000004,10.734000000000004,59.1269302,T2,Si,708;730;757;788, 1.3181352;12.0464104;59.7587444;N  1.789    ;10.734    ;57.53275  ;N  3.578    ;10.734    ;59.4658504;N  1.3181352; 9.4215896;59.7587444
5.843589600000003,12.052135200000004,44.8462556,O2,O,743;815;,
2.265589600000004,8.474135200000005,65.7672556,O2,O,700;737;,
4.890410400000005,12.993864800000004,65.7672556,O2,O,693;,
1.3124104000000034,9.4158648,44.8462556,O2,O,686;747;,
5.837864800000005,12.999589600000006,76.2277556,O2,O,878;,
2.259864800000003,9.421589600000004,55.3067556,O2,O,732;773;,
4.896135200000004,12.046410400000005,55.3067556,O2,O,713;758;,
1.3181352000000053,8.468410400000005,76.2277556,O2,O,721;765;,
4.890410400000005,12.052135200000004,70.2192444,O2,O,692;753;,
1.3124104000000036,8.474135200000005,49.2982444,O2,O,685;748;,
5.843589600000003,12.993864800000004,49.2982444,O2,O,852;,
2.2655896000000046,9.4158648,70.2192444,O2,O,699;738;,
4.896135200000006,12.999589600000006,80.67974439999999,O2,O,726;,
1.3181352000000044,9.421589600000004,59.7587444,O2,O,731;774;,
5.837864800000004,12.046410400000005,59.7587444,O2,O,759;821;,
2.2598648000000043,8.468410400000005,80.67974439999999,O2,O,720;766;,
9.420158400000004,7.156000000000003,51.3694234,O1,O,648;796;,
8.468410400000003,12.993864800000004,49.2982444,O2,O,852;,
10.734000000000004,7.156000000000002,49.1057712,O3,O,796;814;,
7.156000000000002,7.156000000000002,45.1391496,O4,O,593;797;,
7.156000000000003,8.945000000000004,47.07225,O5,O,797;856;,
9.261295200000005,7.156000000000002,49.7668748,T1,Si,569;791;793;893, 8.4684104; 5.8378648;49.2982444;N  9.4201584; 7.156    ;51.3694234;N 10.734    ; 7.156    ;49.1057712;N  8.4684104; 8.4741352;49.2982444
7.156000000000003,8.728888800000004,45.4780698,T2,Si,740;794;795;887, 5.8435896; 9.4158648;44.8462556;N  7.156    ; 7.156    ;45.1391496;N  7.156    ; 8.945    ;47.07225  ;N  8.4684104; 9.4158648;44.8462556
12.998158400000005,10.734000000000004,72.2904234,O1,O,803;805;,
12.046410400000005,9.4158648,70.2192444,O2,O,803;846;,
14.312000000000005,10.734000000000004,70.0267712,O3,O,803;,
10.734000000000004,10.734000000000004,66.0601496,O4,O,804;810;,
10.734000000000004,12.523000000000003,67.99325,O5,O,804;861;,
12.839295200000002,10.734000000000004,70.6878748,T1,Si,798;799;800;892,12.9981584;10.734    ;72.2904234;N 12.0464104; 9.4158648;70.2192444;N 14.312    ;10.734    ;70.0267712;N 12.0464104;12.0521352;70.2192444
10.734000000000004,12.306888800000005,66.39906979999999,T2,Si,801;802;843;886,10.734    ;10.734    ;66.0601496;N 10.734    ;12.523    ;67.99325  ;N  9.4215896;12.9938648;65.7672556;N 12.0464104;12.9938648;65.7672556
14.312000000000005,10.734000000000004,73.2235,T3,Si,798,12.9981584;10.734    ;72.2904234
8.469841600000002,10.734000000000004,72.2904234,O1,O,694;809;,
9.421589600000004,12.052135200000004,70.2192444,O2,O,809;861;,
10.734000000000004,8.945000000000004,67.99325,O5,O,810;846;,
8.628704800000003,10.734000000000004,70.6878748,T1,Si,689;806;807;895, 7.156    ;10.734    ;70.0267712;N  8.4698416;10.734    ;72.2904234;N  9.4215896;12.0521352;70.2192444;N  9.4215896; 9.4158648;70.2192444
10.734000000000004,9.161111200000002,66.39906979999999,T2,Si,801;808;858;885,10.734    ;10.734    ;66.0601496;N 10.734    ; 8.945    ;67.99325  ;N 12.0464104; 8.4741352;65.7672556;N  9.4215896; 8.4741352;65.7672556
12.047841600000003,7.156000000000003,51.3694234,O1,O,648;814;,
12.999589600000004,8.474135200000005,49.2982444,O2,O,814;,
7.156000000000003,12.523000000000003,47.07225,O5,O,815;852;,
12.206704800000002,7.156000000000002,49.7668748,T1,Si,674;793;811;812,12.9995896; 5.8378648;49.2982444;N 10.734    ; 7.156    ;49.1057712;N 12.0478416; 7.156    ;51.3694234;N 12.9995896; 8.4741352;49.2982444
7.156000000000003,12.739111200000004,45.4780698,T2,Si,775;813;854, 5.8435896;12.0521352;44.8462556;N  7.156    ;12.523    ;47.07225  ;N  8.4684104;12.0521352;44.8462556
7.156000000000004,12.998158400000005,61.8299234,O1,O,821;823;,
8.474135200000005,12.046410400000005,59.7587444,O2,O,821;883;,
7.156000000000004,14.312000000000005,59.5662712,O3,O,821;,
7.156000000000004,10.734000000000004,55.5996496,O4,O,713;841;,
12.523000000000003,10.734000000000004,57.53275,O5,O,822;868;,
7.156000000000004,12.839295200000002,60.2273748,T1,Si,789;816;817;818, 5.8378648;12.0464104;59.7587444;N  7.156    ;12.9981584;61.8299234;N  8.4741352;12.0464104;59.7587444;N  7.156    ;14.312    ;59.5662712
12.739111200000004,10.734000000000004,55.9385698,T2,Si,820;881;890,12.523    ;10.734    ;57.53275  ;N 12.0521352; 9.4215896;55.3067556;N 12.0521352;12.0464104;55.3067556
7.156000000000004,14.312000000000005,62.763,T3,Si,816, 7.156    ;12.9981584;61.8299234
10.734000000000004,9.420158400000004,82.7509234,O1,O,829;831;,
12.052135200000006,8.468410400000005,80.67974439999999,O2,O,829;879;,
10.734000000000004,10.734000000000004,80.4872712,O3,O,829;835;,
10.734000000000004,7.156000000000004,76.5206496,O4,O,830;836;,
8.945000000000006,7.156000000000004,78.45375,O5,O,830;875;,
10.734000000000004,9.261295200000005,81.1483748,T1,Si,824;825;826;899,10.734    ; 9.4201584;82.7509234;N 12.0521352; 8.4684104;80.6797444;N 10.734    ;10.734    ;80.4872712;N  9.4158648; 8.4684104;80.6797444
9.161111200000004,7.156000000000004,76.8595698,T2,Si,656;827;828;891, 8.4741352; 5.8435896;76.2277556;N 10.734    ; 7.156    ;76.5206496;N  8.945    ; 7.156    ;78.45375  ;N  8.4741352; 8.4684104;76.2277556
10.734000000000004,10.734000000000004,83.684,T3,Si,824;832,10.734    ; 9.4201584;82.7509234;N 10.734    ;12.0478416;82.7509234
10.734000000000004,12.047841600000003,82.7509234,O1,O,831;835;,
9.415864800000003,12.999589600000006,80.67974439999999,O2,O,835;,
12.523000000000003,7.156000000000004,78.45375,O5,O,836;879;,
10.734000000000004,12.206704800000004,81.1483748,T1,Si,826;832;833;896,10.734    ;10.734    ;80.4872712;N 10.734    ;12.0478416;82.7509234;N  9.4158648;12.9995896;80.6797444;N 12.0521352;12.9995896;80.6797444
12.306888800000005,7.156000000000004,76.8595698,T2,Si,668;827;834;871,12.9938648; 5.8435896;76.2277556;N 10.734    ; 7.156    ;76.5206496;N 12.523    ; 7.156    ;78.45375  ;N 12.9938648; 8.4684104;76.2277556
7.156000000000004,8.469841600000002,61.8299234,O1,O,601;840;,
12.993864800000004,9.421589600000004,59.7587444,O2,O,868;,
8.945000000000004,10.734000000000004,57.53275,O5,O,841;883;,
7.156000000000004,8.628704800000003,60.2273748,T1,Si,596;729;837;897, 7.156    ; 7.156    ;59.5662712;N  5.8378648; 9.4215896;59.7587444;N  7.156    ; 8.4698416;61.8299234;N  8.4741352; 9.4215896;59.7587444
8.728888800000004,10.734000000000004,55.9385698,T2,Si,819;839;864;889, 7.156    ;10.734    ;55.5996496;N  8.945    ;10.734    ;57.53275  ;N  9.4158648;12.0464104;55.3067556;N  9.4158648; 9.4215896;55.3067556
8.469841600000002,7.156000000000003,63.6960766,O1,O,601;845;,
9.421589600000004,12.993864800000004,65.7672556,O2,O,804;,
10.734000000000004,7.156000000000004,69.9263504,O4,O,640;846;,
8.628704800000003,7.156000000000004,65.2986252,T1,Si,622;751;842;885, 9.4215896; 5.8378648;65.7672556;N  7.156    ; 7.156    ;65.9597288;N  8.4698416; 7.156    ;63.6960766;N  9.4215896; 8.4741352;65.7672556
10.734000000000004,8.728888800000004,69.5874302,T2,Si,799;808;844;895,12.0464104; 9.4158648;70.2192444;N 10.734    ; 8.945    ;67.99325  ;N 10.734    ; 7.156    ;69.9263504;N  9.4215896; 9.4158648;70.2192444
12.047841600000002,10.734000000000002,42.7750766,O1,O,382;851;,
12.999589600000004,9.4158648,44.8462556,O2,O,851;,
10.734000000000004,10.734000000000004,45.0387288,O3,O,851;855;,
7.156000000000003,10.734000000000004,49.0053504,O4,O,852;856;,
12.206704800000002,10.734000000000004,44.3776252,T1,Si,847;848;849;884,12.0478416;10.734    ;42.7750766;N 12.9995896; 9.4158648;44.8462556;N 10.734    ;10.734    ;45.0387288;N 12.9995896;12.0521352;44.8462556
7.156000000000003,12.306888800000005,48.6664302,T2,Si,785;792;813;850, 5.8435896;12.9938648;49.2982444;N  8.4684104;12.9938648;49.2982444;N  7.156    ;12.523    ;47.07225  ;N  7.156    ;10.734    ;49.0053504
9.420158400000002,10.734000000000002,42.7750766,O1,O,382;855;,
8.468410400000003,12.052135200000004,44.8462556,O2,O,815;855;,
9.261295200000005,10.734000000000004,44.3776252,T1,Si,849;853;854;887,10.734    ;10.734    ;45.0387288;N  9.4201584;10.734    ;42.7750766;N  8.4684104;12.0521352;44.8462556;N  8.4684104; 9.4158648;44.8462556
7.156000000000003,9.161111200000002,48.6664302,T2,Si,703;795;850;893, 5.8435896; 8.4741352;49.2982444;N  7.156    ; 8.945    ;47.07225  ;N  7.156    ;10.734    ;49.0053504;N  8.4684104; 8.4741352;49.2982444
12.998158400000005,7.156000000000003,63.6960766,O1,O,860;862;,
12.046410400000005,8.474135200000005,65.7672556,O2,O,810;860;,
14.312000000000005,7.156000000000004,65.9597288,O3,O,860;,
12.839295200000002,7.156000000000004,65.2986252,T1,Si,666;857;858;859,12.0464104; 5.8378648;65.7672556;N 12.9981584; 7.156    ;63.6960766;N 12.0464104; 8.4741352;65.7672556;N 14.312    ; 7.156    ;65.9597288
10.734000000000004,12.739111200000004,69.5874302,T2,Si,802;807;892,10.734    ;12.523    ;67.99325  ;N  9.4215896;12.0521352;70.2192444;N 12.0464104;12.0521352;70.2192444
14.312000000000005,7.156000000000003,62.763,T3,Si,857,12.9981584; 7.156    ;63.6960766
10.734000000000004,12.998158400000005,53.2355766,O1,O,867;869;,
9.4158648,12.046410400000005,55.3067556,O2,O,841;867;,
10.734000000000004,14.312000000000005,55.4992288,O3,O,867;,
10.734000000000004,10.734000000000004,59.4658504,O4,O,868;883;,
10.734000000000004,12.839295200000002,54.8381252,T1,Si,863;864;865;890,10.734    ;12.9981584;53.2355766;N  9.4158648;12.0464104;55.3067556;N 10.734    ;14.312    ;55.4992288;N 12.0521352;12.0464104;55.3067556
12.306888800000005,10.734000000000004,59.1269302,T2,Si,820;838;866;898,12.523    ;10.734    ;57.53275  ;N 12.9938648; 9.4215896;59.7587444;N 10.734    ;10.734    ;59.4658504;N 12.9938648;12.0464104;59.7587444
10.734000000000004,14.312000000000005,52.3025,T3,Si,863,10.734    ;12.9981584;53.2355766
7.156000000000005,9.420158400000004,74.1565766,O1,O,694;874;,
12.993864800000004,8.468410400000005,76.2277556,O2,O,836;,
7.156000000000005,10.734000000000004,76.4202288,O3,O,874;878;,
7.156000000000005,7.156000000000005,80.3868504,O4,O,770;875;,
7.156000000000005,9.261295200000005,75.7591252,T1,Si,762;870;872;891, 5.8378648; 8.4684104;76.2277556;N  7.156    ; 9.4201584;74.1565766;N  7.156    ;10.734    ;76.4202288;N  8.4741352; 8.4684104;76.2277556
8.728888800000005,7.156000000000005,80.0479302,T2,Si,611;828;873;899, 9.4158648; 5.8435896;80.6797444;N  8.945    ; 7.156    ;78.45375  ;N  7.156    ; 7.156    ;80.3868504;N  9.4158648; 8.4684104;80.6797444
7.156000000000005,12.047841600000003,74.1565766,O1,O,694;878;,
8.474135200000006,12.999589600000006,76.2277556,O2,O,878;,
7.156000000000005,12.206704800000004,75.7591252,T1,Si,779;872;876;877, 5.8378648;12.9995896;76.2277556;N  7.156    ;10.734    ;76.4202288;N  7.156    ;12.0478416;74.1565766;N  8.4741352;12.9995896;76.2277556
12.739111200000004,7.156000000000005,80.0479302,T2,Si,676;825;834,12.0521352; 5.8435896;80.6797444;N 12.0521352; 8.4684104;80.6797444;N 12.523    ; 7.156    ;78.45375  
10.734000000000004,8.469841600000002,53.2355766,O1,O,648;882;,
12.052135200000004,9.421589600000004,55.3067556,O2,O,822;882;,
10.734000000000004,8.628704800000003,54.8381252,T1,Si,644;880;881;889,10.734    ; 7.156    ;55.4992288;N 10.734    ; 8.4698416;53.2355766;N 12.0521352; 9.4215896;55.3067556;N  9.4158648; 9.4215896;55.3067556
9.161111200000002,10.734000000000004,59.1269302,T2,Si,817;839;866;897, 8.4741352;12.0464104;59.7587444;N  8.945    ;10.734    ;57.53275  ;N 10.734    ;10.734    ;59.4658504;N  8.4741352; 9.4215896;59.7587444
12.999589600000004,12.052135200000004,44.8462556,O2,O,851;,
9.421589600000004,8.474135200000005,65.7672556,O2,O,810;845;,
12.046410400000005,12.993864800000004,65.7672556,O2,O,804;,
8.468410400000003,9.4158648,44.8462556,O2,O,797;855;,
12.993864800000004,12.999589600000006,76.2277556,O2,O,,
9.4158648,9.421589600000004,55.3067556,O2,O,841;882;,
12.052135200000004,12.046410400000005,55.3067556,O2,O,822;867;,
8.474135200000006,8.468410400000005,76.2277556,O2,O,830;874;,
12.046410400000005,12.052135200000004,70.2192444,O2,O,803;861;,
8.468410400000003,8.474135200000005,49.2982444,O2,O,796;856;,
12.999589600000004,12.993864800000004,49.2982444,O2,O,,
9.421589600000004,9.4158648,70.2192444,O2,O,809;846;,
12.052135200000006,12.999589600000006,80.67974439999999,O2,O,835;,
8.474135200000005,9.421589600000004,59.7587444,O2,O,840;883;,
12.993864800000004,12.046410400000005,59.7587444,O2,O,868;,
9.415864800000003,8.468410400000005,80.67974439999999,O2,O,829;875;,
